member_id,first_name,last_name,email,membership_start_date,membership_expiry_date
1,Roger,Brown,melissabell@example.net,2025-02-24,2025-02-25
2,David,Johnston,shortjames@example.com,2025-03-24,2025-08-21
3,Laura,Ochoa,kgreen@example.net,2025-04-15,2025-04-16
4,Jonathan,Walton,alyssawhite@example.com,2025-02-14,2025-02-15
5,Ashley,Torres,robert94@example.com,2025-11-06,2025-11-13
6,Tammy,Lee,adean@example.org,2025-03-11,2025-03-12
7,Jorge,Bishop,paul31@example.net,2025-03-09,2025-03-10
8,Parker,Williams,timothyanderson@example.com,2025-06-26,2025-07-03
9,Gary,Hawkins,samantha06@example.net,2025-11-11,2025-12-11
10,Randall,Graham,jacksonfuller@example.org,2025-02-01,2025-02-02
11,George,Santos,zperez@example.net,2025-09-23,2025-09-24
12,Nicole,Barrera,james84@example.net,2025-04-06,2025-05-06
13,Brittany,Carpenter,sperez@example.org,2025-08-05,2025-08-06
14,Rodney,Johnson,xgutierrez@example.com,2025-09-17,2025-09-18
15,Catherine,Lee,mariaparsons@example.net,2025-05-16,2025-05-17
16,Steven,Smith,usummers@example.org,2025-07-09,2025-10-07
17,Thomas,Cook,kevinjohnson@example.org,2025-11-06,2025-11-07
18,Joseph,Matthews,kathleenclark@example.com,2025-07-28,2025-07-29
19,Tina,Ford,mbowen@example.net,2025-09-07,2025-09-14
20,Melissa,Vega,brandon13@example.net,2025-11-16,2025-11-17
21,Nathan,Collier,mharmon@example.org,2025-01-12,2025-01-19
22,Charles,Thornton,gilbertsteven@example.org,2025-01-21,2025-01-28
23,Rebecca,West,oingram@example.net,2025-02-03,2025-02-04
24,Rachel,Hanson,ernest46@example.com,2025-08-08,2025-08-09
25,Kenneth,Jones,brownallison@example.org,2025-03-10,2025-03-11
26,Kenneth,Waters,jessicahicks@example.net,2025-09-09,2025-09-10
27,Ann,Gilbert,brittanymaddox@example.net,2025-08-29,2025-08-30
28,Joseph,Villarreal,amy78@example.net,2025-03-19,2025-09-15
29,Cody,Larsen,veronica06@example.com,2025-09-07,2026-09-07
30,Thomas,Johnson,scott50@example.net,2025-09-21,2026-09-21
31,Elizabeth,Sanders,lauren93@example.net,2025-06-29,2025-06-30
32,Joe,Delgado,ryanhernandez@example.com,2025-04-02,2025-04-03
33,Rachel,Fuller,wilsonanne@example.com,2025-10-30,2025-10-31
34,Harold,Brown,cabrerakelly@example.net,2025-06-18,2025-09-16
35,Jordan,Smith,whitesamantha@example.com,2025-02-03,2025-02-10
36,Jeffrey,Mclaughlin,pmathis@example.org,2025-05-31,2025-06-07
37,Wendy,Dudley,agarrison@example.org,2025-02-16,2025-02-17
38,Charles,Diaz,twilliams@example.com,2025-01-17,2025-05-17
39,Dennis,Roy,james17@example.org,2025-06-03,2025-11-30
40,Alex,Wright,peterbrowning@example.net,2025-03-05,2025-06-03
41,Mark,Wright,kristen69@example.com,2025-03-04,2025-03-11
42,Theresa,Chase,alexander06@example.org,2025-01-05,2025-01-12
43,Victor,Conrad,wharris@example.net,2025-09-03,2025-09-04
44,Charles,Scott,glawson@example.net,2025-08-11,2025-10-10
45,Clayton,Allen,michellebradford@example.org,2025-07-14,2025-07-15
46,David,Brown,duncanlisa@example.org,2025-01-23,2025-01-24
47,Victoria,Phillips,dalton80@example.com,2025-02-24,2025-03-03
48,Steven,Mccall,josephwilliams@example.com,2025-11-18,2025-11-25
49,Julie,Reese,tranduane@example.net,2025-03-29,2025-03-30
50,Michelle,Cannon,matthew87@example.org,2025-10-20,2026-10-20
51,Brooke,Carey,jellis@example.org,2025-06-16,2025-06-17
52,Michael,Stevens,alicia15@example.org,2025-11-25,2025-11-26
53,Angela,Blake,jonathan61@example.net,2025-03-20,2025-07-18
54,Linda,Blevins,kari93@example.net,2025-02-05,2026-02-05
55,Marcus,Bailey,kennethhensley@example.org,2025-10-04,2025-10-05
56,Phillip,Franklin,xweaver@example.net,2025-11-02,2025-11-03
57,Taylor,Marks,barnesfrank@example.net,2025-05-26,2025-08-24
58,John,Clarke,stevenperez@example.net,2025-03-26,2025-04-02
59,Glen,Dawson,wattsricky@example.com,2025-03-17,2025-03-18
60,Robert,Harrell,danieljones@example.org,2025-05-15,2025-05-29
61,Edward,Collins,thompsonnathan@example.net,2025-02-03,2025-02-04
62,Stephanie,Owens,grodriguez@example.com,2025-09-18,2026-09-18
63,John,Brown,wanderson@example.com,2025-02-21,2025-05-22
64,Devin,Buckley,diaztimothy@example.net,2025-07-04,2025-07-05
65,Victoria,Barrett,russelllaura@example.org,2025-09-07,2025-09-14
66,Kendra,Phillips,craigcharles@example.com,2025-08-20,2025-08-21
67,Katherine,Jenkins,allentheresa@example.com,2025-08-04,2025-09-03
68,Manuel,Baker,petergarcia@example.org,2025-04-22,2025-04-23
69,Shelby,Odom,laura90@example.org,2025-09-26,2025-09-27
70,Sophia,Williamson,judyluna@example.net,2025-06-30,2025-07-07
71,Mark,Chavez,wilkinswilliam@example.com,2025-03-16,2025-03-17
72,David,Thomas,carlos24@example.org,2025-06-14,2025-06-15
73,Nicole,Acosta,fredmcdonald@example.net,2025-08-22,2025-08-23
74,Linda,Mcmahon,nancyellis@example.org,2025-08-31,2026-08-31
75,Brett,Erickson,kdixon@example.net,2025-10-28,2025-11-27
76,Ryan,Morgan,kimberlyfarmer@example.com,2025-06-27,2025-06-28
77,Laura,Hodges,jacquelinehernandez@example.net,2025-03-11,2025-03-12
78,Jesse,Reynolds,hughessteven@example.net,2025-10-13,2025-10-14
79,Patrick,Vazquez,amberdavidson@example.org,2025-10-02,2026-01-30
80,Brenda,Robinson,john85@example.org,2025-10-15,2025-10-16
81,Raymond,Moore,sjones@example.org,2025-08-17,2025-08-18
82,Lori,Reyes,ablack@example.com,2025-05-10,2025-08-08
83,Jennifer,Dixon,jensenrichard@example.com,2025-07-29,2025-07-30
84,Cynthia,Robinson,campbelljohn@example.org,2025-10-27,2025-12-26
85,David,Shea,fgrant@example.org,2025-08-06,2025-10-05
86,Stacy,Smith,klinedonald@example.net,2025-06-30,2025-07-01
87,Lauren,Norton,kmcgee@example.net,2025-03-01,2025-03-02
88,Roy,Smith,amyjames@example.org,2025-05-06,2025-06-05
89,Matthew,Lewis,edward45@example.org,2025-01-01,2025-01-08
90,Timothy,Gonzalez,richardtapia@example.net,2025-02-27,2025-03-06
91,Elizabeth,Osborne,stewartmark@example.com,2025-05-27,2025-09-24
92,William,Kelly,kevinjohnson@example.com,2025-01-30,2025-01-31
93,Marcus,Briggs,frederick23@example.net,2025-11-24,2026-01-23
94,Albert,Mcdonald,brownkaren@example.net,2025-09-13,2025-09-14
95,Mallory,Carter,mwilcox@example.net,2025-04-09,2025-04-10
96,Linda,Wade,kfinley@example.net,2025-02-18,2026-02-18
97,Adam,Morgan,courtney83@example.net,2025-01-14,2025-01-15
98,Brenda,Goodman,jeremy55@example.org,2025-06-21,2025-06-22
99,Cynthia,Clark,john79@example.org,2025-06-30,2025-07-01
100,Ashley,Cooley,cervantesmonique@example.net,2025-11-26,2025-11-27
101,Summer,Ayala,theresacamacho@example.net,2025-07-15,2026-07-15
102,Amanda,Robbins,donaldknight@example.com,2025-11-05,2025-11-19
103,Michael,Wilson,daniel69@example.com,2025-06-04,2025-06-05
104,Katelyn,Ortiz,paulallen@example.net,2025-02-19,2026-02-19
105,Julie,White,judith14@example.org,2025-07-06,2025-08-05
106,Scott,Lee,hmurray@example.org,2025-05-22,2025-06-21
107,Nicole,Stone,ericstevens@example.com,2025-10-03,2025-10-04
108,Stephen,Gomez,jonathan56@example.org,2025-08-17,2025-08-24
109,John,Herrera,mark68@example.org,2025-07-10,2025-07-11
110,Ashley,Cordova,rjuarez@example.org,2025-11-30,2025-12-01
111,Kimberly,Chapman,markwilliams@example.org,2025-03-10,2025-03-11
112,Cindy,Alvarez,banksjoseph@example.net,2025-02-27,2025-07-27
113,William,Brown,angela36@example.net,2025-10-24,2025-10-25
114,Brian,Olson,richard92@example.org,2025-05-24,2025-05-31
115,Amanda,Newman,meltonjames@example.org,2025-09-12,2025-09-13
116,Michael,Davidson,fisherjose@example.net,2025-10-09,2025-10-16
117,Karina,Watts,pharris@example.com,2025-05-02,2025-05-09
118,Eric,Lambert,pattymcgee@example.org,2025-03-19,2025-03-20
119,Christian,James,dicksonlisa@example.org,2025-10-04,2025-10-05
120,Christopher,Rose,nancythornton@example.net,2025-11-16,2025-11-17
121,Robert,Mejia,jeremy73@example.com,2025-11-18,2025-11-19
122,Randy,Powell,kirstenedwards@example.com,2025-03-04,2025-03-05
123,Heather,King,ashley69@example.net,2025-07-09,2025-12-06
124,Whitney,Turner,christy39@example.com,2025-06-30,2026-06-30
125,Justin,Brown,griddle@example.org,2025-08-07,2025-08-14
126,Randall,Parker,lisa83@example.net,2025-02-23,2025-02-24
127,Gregory,Baxter,beth36@example.com,2025-03-25,2025-05-24
128,Joshua,Thomas,james32@example.com,2025-09-22,2026-01-20
129,Amy,Spencer,makayla54@example.org,2025-11-06,2025-11-07
130,David,Baldwin,wgomez@example.com,2025-02-27,2025-02-28
131,Ashley,Wilson,laurenburgess@example.org,2025-11-18,2026-01-17
132,Brett,Anderson,kwebb@example.net,2025-10-16,2025-10-17
133,Marcus,Diaz,christopher67@example.net,2025-06-06,2025-08-05
134,Patricia,Parker,utorres@example.net,2025-06-30,2025-07-01
135,Holly,Quinn,nicholas16@example.org,2025-07-25,2025-07-26
136,Jodi,Mckee,nicholas26@example.com,2025-02-26,2025-05-27
137,Leah,Wiley,traceylawson@example.com,2025-02-23,2025-04-24
138,Emily,Rosario,stephaniefleming@example.com,2025-08-24,2025-08-31
139,Edward,Flores,millsholly@example.org,2025-10-23,2026-01-21
140,Madison,Lowe,brandoncarter@example.com,2025-09-24,2025-09-25
141,Carlos,Williams,jennifer55@example.com,2025-01-08,2025-01-09
142,Nicholas,Smith,lawrencemartin@example.net,2025-04-13,2025-04-14
143,James,Gomez,davidclark@example.org,2025-10-29,2025-10-30
144,Christopher,Farmer,dianabrown@example.net,2025-03-19,2025-04-18
145,Michele,Bennett,sbooth@example.org,2025-02-17,2025-02-18
146,Taylor,Jones,jenniferguzman@example.org,2025-07-28,2025-07-29
147,James,Baker,sharigilmore@example.com,2025-09-08,2025-09-09
148,William,Jefferson,cainsteven@example.net,2025-06-08,2026-06-08
149,David,Weaver,jessica83@example.com,2025-05-24,2026-05-24
150,Dawn,Lowe,amanda43@example.org,2025-11-23,2025-11-24
151,Elizabeth,Smith,marvinweeks@example.net,2025-01-23,2025-01-30
152,Anthony,Walker,johnsonsteven@example.org,2025-01-11,2025-01-12
153,Holly,Swanson,hnguyen@example.net,2025-04-17,2025-04-18
154,Ashley,Sosa,cwarren@example.com,2025-01-27,2025-02-03
155,Jeffrey,Burns,xsmith@example.net,2025-03-01,2026-03-01
156,Marc,Snyder,smithedward@example.org,2025-01-25,2025-05-25
157,Katherine,Knapp,williamscharles@example.org,2025-06-28,2025-06-29
158,Alexandra,Stokes,robinlam@example.net,2025-08-24,2025-08-25
159,Michaela,Johnston,cashley@example.com,2025-09-19,2025-09-26
160,Justin,Grimes,wellseric@example.org,2025-02-19,2025-02-20
161,Teresa,Moore,kthompson@example.org,2025-08-12,2025-08-13
162,Garrett,Garrison,lunakaren@example.org,2025-04-28,2025-05-28
163,Kathy,Stephens,qmosley@example.net,2025-06-03,2025-06-04
164,Aimee,Austin,edward60@example.org,2025-03-08,2025-03-09
165,Brian,Robinson,lutzkaitlyn@example.net,2025-03-13,2025-03-14
166,Jonathan,Scott,emilystuart@example.net,2025-07-13,2026-07-13
167,Heather,Barrett,alexander18@example.org,2025-01-14,2025-01-15
168,David,Medina,harringtonrandall@example.com,2025-06-11,2025-09-09
169,Mallory,Lewis,marcuswoods@example.org,2025-01-25,2025-03-26
170,Brandon,Blackburn,teresatorres@example.org,2025-09-24,2025-10-01
171,Christopher,White,antonio21@example.org,2025-01-13,2025-01-14
172,Scott,Floyd,williamsjohn@example.com,2025-08-25,2025-08-26
173,Melissa,Smith,ocohen@example.com,2025-03-16,2025-05-15
174,Jamie,Fisher,smithjoshua@example.net,2025-05-04,2025-07-03
175,Devin,Juarez,patricksalazar@example.org,2025-08-09,2025-08-10
176,James,Petty,mistyhall@example.net,2025-02-02,2025-02-03
177,Jorge,Garrett,collinsmark@example.net,2025-09-08,2025-09-09
178,Laura,Harrison,joshua03@example.com,2025-01-08,2025-05-08
179,Stephanie,Church,ahall@example.com,2025-10-10,2025-10-11
180,Mary,Hall,kristina81@example.net,2025-08-03,2025-08-04
181,Sean,Reyes,eblankenship@example.com,2025-03-05,2025-05-04
182,Charles,Thompson,mitchell96@example.com,2025-10-08,2025-10-09
183,Alex,Moss,beverlyaguilar@example.net,2025-01-28,2025-01-29
184,Vanessa,Pruitt,rhansen@example.com,2025-02-15,2025-05-16
185,Ryan,Evans,mdelgado@example.org,2025-01-19,2026-01-19
186,Kristin,Lee,lisa86@example.org,2025-01-05,2026-01-05
187,Kevin,Meyer,anthonywest@example.org,2025-07-16,2025-08-15
188,Gary,Davenport,joselee@example.org,2025-01-18,2025-01-19
189,Nathaniel,Moore,nancyhowell@example.com,2025-10-19,2025-10-20
190,Ashley,Burton,kyle71@example.com,2025-03-12,2025-05-11
191,Larry,Allen,feliciaarcher@example.net,2025-04-16,2025-04-17
192,Larry,Turner,vlawson@example.org,2025-01-16,2025-03-17
193,Charles,Ward,angelacollins@example.net,2025-01-06,2025-05-06
194,Nicole,Crawford,fergusonchristian@example.com,2025-06-11,2025-06-12
195,James,Martinez,jamesjennifer@example.com,2025-09-28,2025-09-29
196,Robert,Kelley,mortonchristy@example.org,2025-10-27,2025-11-26
197,Marissa,Valencia,tina99@example.org,2025-08-02,2025-08-03
198,David,Hines,zmedina@example.net,2025-01-15,2026-01-15
199,Jeremy,Durham,bankstara@example.net,2025-01-21,2025-01-22
200,Nicole,Robinson,oanderson@example.org,2025-02-08,2025-04-09
201,Steve,Hernandez,grahamjessica@example.net,2025-03-05,2025-05-04
202,Adrian,Johnson,dvazquez@example.org,2025-06-02,2025-06-09
203,David,Butler,jeffreylyons@example.org,2025-08-18,2025-08-25
204,Mark,Curtis,justin40@example.net,2025-09-05,2026-01-03
205,Michael,Barrett,tamaraowens@example.com,2025-01-30,2025-01-31
206,Diane,Horn,markmorgan@example.com,2025-02-16,2025-02-23
207,Scott,Myers,valerie17@example.com,2025-02-08,2026-02-08
208,Samantha,Morrow,daniel16@example.org,2025-06-22,2025-06-23
209,David,Smith,ddominguez@example.com,2025-11-15,2025-11-16
210,Kimberly,Montgomery,robertcruz@example.org,2025-06-19,2025-06-20
211,Lawrence,Smith,pchapman@example.org,2025-08-02,2025-08-03
212,Ellen,Cross,bhernandez@example.org,2025-07-18,2025-07-19
213,William,Coffey,andersonsteven@example.org,2025-06-15,2025-06-16
214,Jessica,Smith,alexandria59@example.org,2025-03-22,2026-03-22
215,Jason,Pearson,cody01@example.com,2025-11-06,2026-01-05
216,Kevin,Hays,fthomas@example.com,2025-09-03,2025-11-02
217,Brent,Hickman,dhughes@example.com,2025-08-19,2025-10-18
218,Dennis,Sanchez,kiaraflores@example.com,2025-07-12,2025-07-13
219,Elijah,Ryan,eric44@example.net,2025-02-22,2025-02-23
220,Christina,Hancock,lisa19@example.org,2025-08-28,2025-08-29
221,Mary,Cisneros,melissatate@example.com,2025-10-28,2025-12-27
222,Samuel,Tucker,carneyrachel@example.org,2025-09-27,2025-10-04
223,Thomas,Christensen,stephaniekelly@example.com,2025-05-17,2025-05-24
224,Sarah,Brooks,sheilahoward@example.org,2025-07-21,2025-07-28
225,Thomas,Nguyen,ianbryant@example.org,2025-01-28,2025-01-29
226,Gregory,Lucas,warrentaylor@example.org,2025-07-14,2025-07-15
227,Allison,Hernandez,wujohn@example.net,2025-06-30,2025-07-01
228,James,Simmons,amandapeters@example.com,2025-02-21,2025-02-22
229,Gary,Robinson,estone@example.com,2025-01-28,2025-02-04
230,Jamie,Shepherd,tpayne@example.net,2025-05-25,2025-05-26
231,Eric,Taylor,butlergabriela@example.net,2025-05-20,2025-05-21
232,Jamie,Miller,jill35@example.com,2025-11-02,2025-11-03
233,David,Mckenzie,pricerobert@example.net,2025-10-31,2025-11-01
234,Brian,Martinez,jamesedwards@example.com,2025-03-02,2025-05-31
235,Anthony,Baker,wolfmichelle@example.org,2025-03-16,2025-05-15
236,Susan,Sanchez,tiffany19@example.com,2025-05-05,2025-05-06
237,Kristie,Rice,michelle70@example.com,2025-04-06,2025-07-05
238,Nicole,Strickland,novakgeorge@example.com,2025-10-07,2025-10-08
239,Michael,Riley,allisonortiz@example.com,2025-09-19,2025-09-20
240,Charles,Mathis,scottholly@example.com,2025-07-02,2025-08-31
241,Briana,Lee,samuelmartin@example.org,2025-08-30,2025-09-29
242,Adam,Freeman,tdelgado@example.com,2025-02-27,2025-04-28
243,Betty,Vazquez,mcarson@example.com,2025-04-29,2025-06-28
244,Tammy,Lester,urice@example.com,2025-07-26,2025-07-27
245,Tracy,Coleman,tpatton@example.org,2025-07-30,2025-07-31
246,Jennifer,Bailey,tbradley@example.com,2025-10-07,2026-01-05
247,Benjamin,Davis,cfowler@example.com,2025-01-18,2025-01-19
248,Terri,Mcdonald,aford@example.net,2025-01-09,2025-01-10
249,Megan,Waters,kendrarogers@example.org,2025-05-01,2025-05-08
250,David,Howard,grussell@example.com,2025-07-19,2025-07-20
251,Elizabeth,Atkinson,hollyanderson@example.org,2025-05-02,2025-05-09
252,Daniel,Kelly,fishercindy@example.net,2025-01-25,2025-02-01
253,Shane,Grant,joann80@example.org,2025-08-16,2025-08-17
254,Hector,Pierce,pkelly@example.com,2025-09-26,2025-10-03
255,Daniel,Wright,davismichael@example.net,2025-04-14,2025-04-15
256,William,Smith,sotokelly@example.org,2025-09-28,2025-12-27
257,Mark,Smith,andrea72@example.com,2025-02-07,2025-02-08
258,Samantha,Woods,ramirezabigail@example.com,2025-10-01,2025-10-02
259,Lindsey,Page,umarshall@example.net,2025-09-22,2025-09-23
260,Maria,Carter,lori05@example.org,2025-03-20,2025-03-27
261,Margaret,Morales,jsmith@example.net,2025-09-12,2025-09-13
262,Ashley,Gomez,gregoryphillips@example.com,2025-08-29,2025-09-05
263,Jack,Hill,kristine78@example.net,2025-04-02,2025-09-29
264,Kelly,Thomas,james90@example.org,2025-04-18,2025-05-02
265,Raymond,Horton,johnsonangela@example.net,2025-03-09,2025-04-08
266,Paula,Delacruz,christopher21@example.net,2025-06-15,2025-09-13
267,Vincent,Clark,joshua09@example.com,2025-10-31,2025-11-01
268,David,Hall,richardsoncheyenne@example.net,2025-01-16,2025-01-23
269,Daniel,Lambert,claire39@example.com,2025-01-13,2025-01-20
270,April,Hammond,larsenkeith@example.com,2025-01-31,2025-02-01
271,Maria,Juarez,paulwolfe@example.com,2025-04-15,2025-04-16
272,Gregory,Brown,ramirezdave@example.com,2025-07-22,2025-07-23
273,Jennifer,Christian,lanceguerra@example.com,2025-01-14,2025-01-21
274,Reginald,Jackson,banderson@example.net,2025-01-01,2025-01-08
275,Jessica,Allen,matthew09@example.org,2025-04-17,2025-07-16
276,Robert,Sawyer,johnsonthomas@example.net,2025-05-03,2025-06-02
277,Dawn,Garcia,robert62@example.org,2025-05-01,2025-05-02
278,Sydney,Johnson,williamsmichael@example.com,2025-06-07,2026-06-07
279,Melanie,Reyes,ipotts@example.net,2025-03-02,2026-03-02
280,Daniel,Reed,benderandrea@example.com,2025-10-25,2025-10-26
281,Erin,Dillon,alexis06@example.net,2025-04-19,2026-04-19
282,Jack,Wilson,kathrynbuchanan@example.net,2025-03-04,2025-03-05
283,Thomas,Long,samanthabaldwin@example.org,2025-08-28,2025-08-29
284,Lisa,Wu,amanda15@example.com,2025-09-24,2026-01-22
285,Rachel,Malone,james61@example.net,2025-01-22,2025-03-23
286,Joseph,Finley,rodriguezisaac@example.net,2025-09-06,2025-10-06
287,Linda,Mckinney,griley@example.com,2025-09-08,2025-12-07
288,Richard,Hudson,david25@example.com,2025-06-08,2025-06-15
289,Thomas,Wang,ubrown@example.net,2025-10-27,2025-11-03
290,James,Reyes,thomas27@example.org,2025-09-05,2025-09-06
291,Luke,Mccall,sarareid@example.com,2025-01-23,2025-01-24
292,Lauren,Harrison,shane81@example.com,2025-11-04,2026-01-03
293,Brianna,Adams,davilaeric@example.org,2025-07-29,2025-07-30
294,Kristopher,Fowler,smithdonald@example.org,2025-08-11,2025-08-12
295,Cynthia,Reyes,sarah06@example.com,2025-03-29,2025-03-30
296,Danny,Garcia,cholder@example.com,2025-11-04,2025-11-05
297,Larry,Bauer,abigail33@example.com,2025-08-04,2025-08-05
298,Dennis,Nguyen,stephanietrujillo@example.com,2025-01-11,2025-01-12
299,Timothy,Herrera,williamwright@example.net,2025-05-19,2025-05-26
300,Anita,Ross,jacobhughes@example.org,2025-10-07,2025-11-06
301,Stephen,Taylor,christina08@example.org,2025-09-25,2025-09-26
302,Ian,Jones,doconnor@example.net,2025-02-03,2025-02-04
303,Natalie,Washington,ljohnson@example.net,2025-04-01,2025-05-31
304,Shawna,Santana,michaelpalmer@example.org,2025-10-03,2026-10-03
305,Laurie,Herrera,katherinesummers@example.org,2025-05-10,2025-05-11
306,Kyle,Mosley,kaitlin35@example.com,2025-06-12,2025-06-13
307,Benjamin,Kane,amy81@example.net,2025-10-26,2025-10-27
308,Amy,Thompson,bmorris@example.org,2025-02-08,2025-02-15
309,Tanner,Davis,dennisjenkins@example.org,2025-02-07,2025-02-08
310,Jennifer,Peterson,meghangriffin@example.net,2025-06-28,2025-07-05
311,James,Bell,williamdougherty@example.com,2025-08-19,2025-10-18
312,Brandon,West,lunakristina@example.com,2025-09-23,2025-11-22
313,Breanna,Mcdaniel,derrick65@example.org,2025-06-07,2025-06-14
314,Sabrina,Gomez,cdiaz@example.net,2025-04-15,2025-06-14
315,Karen,Wilson,kyle88@example.org,2025-03-19,2025-03-20
316,Crystal,Harrington,robinsonjoshua@example.com,2025-06-15,2025-06-16
317,Daniel,King,william27@example.org,2025-01-17,2025-01-18
318,Allison,Mejia,edwardjackson@example.org,2025-08-17,2025-08-24
319,Scott,Woods,ujones@example.com,2025-05-01,2025-05-02
320,Lisa,Murphy,bsmith@example.org,2025-01-14,2025-01-21
321,Patricia,Jackson,hpowell@example.org,2025-01-08,2025-01-09
322,Angela,Velasquez,wintersangela@example.net,2025-01-01,2025-01-02
323,Brandy,Burns,brenda72@example.com,2025-05-09,2025-05-16
324,Maria,Baldwin,lunadanielle@example.net,2025-05-04,2025-05-05
325,Christopher,Welch,olong@example.com,2025-06-22,2025-06-23
326,Carlos,Briggs,kleindale@example.com,2025-08-03,2026-08-03
327,Diana,Bush,obender@example.com,2025-05-07,2025-05-08
328,Lisa,Velazquez,amandasalinas@example.net,2025-09-29,2025-12-28
329,Tyler,Sawyer,jonnash@example.net,2025-06-10,2025-06-11
330,Annette,Soto,susanjohnson@example.com,2025-11-26,2025-12-03
331,Phillip,Blackwell,nathanjohnson@example.com,2025-04-16,2025-09-13
332,Ryan,Wood,charles89@example.org,2025-06-25,2025-07-02
333,Julie,Lucas,roberthood@example.com,2025-03-05,2025-03-06
334,David,Graves,curtis23@example.net,2025-08-20,2025-08-21
335,Christina,Arnold,kristen17@example.com,2025-03-31,2026-03-31
336,Patrick,Jones,smoran@example.com,2025-06-08,2025-06-09
337,Jennifer,Peterson,kmcfarland@example.com,2025-04-12,2025-04-13
338,Angela,Holland,danielmason@example.net,2025-02-15,2025-02-16
339,Matthew,Rodriguez,lopezdiana@example.net,2025-02-07,2025-02-14
340,Wayne,Donaldson,nealsuzanne@example.net,2025-09-16,2025-12-15
341,Stephanie,Edwards,mannjill@example.org,2025-08-25,2025-08-26
342,Wendy,Johnson,jasonbaker@example.net,2025-10-30,2025-10-31
343,Samuel,Figueroa,huntkelli@example.net,2025-08-24,2025-11-22
344,Brendan,Woods,lisa20@example.org,2025-11-05,2025-11-06
345,Crystal,Rodriguez,jennifer20@example.com,2025-02-09,2025-02-10
346,Tyler,Anderson,matthew03@example.net,2025-11-01,2026-11-01
347,Stephanie,Cabrera,fernando56@example.net,2025-02-12,2025-02-13
348,Melissa,Wallace,rachel23@example.com,2025-01-02,2025-01-09
349,Marco,Miller,prattedward@example.net,2025-09-18,2025-09-19
350,Jennifer,White,melaniekim@example.com,2025-10-14,2025-10-15
351,Carla,Scott,kinglaura@example.com,2025-07-30,2025-10-28
352,Maureen,Frye,harristamara@example.com,2025-09-26,2025-09-27
353,Richard,Cisneros,trodriguez@example.org,2025-05-31,2025-06-01
354,Kevin,Wagner,kristin10@example.net,2025-11-02,2026-11-02
355,Sarah,Rojas,judy77@example.net,2025-04-09,2025-06-08
356,Jennifer,Gross,staceygonzales@example.com,2025-01-23,2025-07-22
357,John,Blair,maldonadorandy@example.com,2025-10-29,2025-11-05
358,Kimberly,Richards,brownmonica@example.net,2025-09-09,2025-09-10
359,Paul,Wilkerson,kristinewing@example.net,2025-05-05,2025-05-06
360,Ronald,Wade,orodriguez@example.com,2025-02-12,2025-02-19
361,Elizabeth,Henderson,shafferdavid@example.org,2025-01-12,2025-01-13
362,Robert,Green,mbennett@example.net,2025-11-16,2026-01-15
363,Roy,Guerrero,christinajohnston@example.org,2025-08-10,2026-01-07
364,Sean,Cardenas,dickersonwesley@example.com,2025-02-11,2025-04-12
365,Julie,Jones,jamesburgess@example.org,2025-10-18,2026-01-16
366,Sandra,Byrd,sydneymcdonald@example.org,2025-08-07,2025-08-08
367,Shannon,Jones,gfisher@example.org,2025-01-21,2026-01-21
368,Richard,Suarez,johncunningham@example.net,2025-10-16,2026-10-16
369,Michelle,Murphy,qjohnson@example.net,2025-02-01,2025-02-08
370,Jessica,Kennedy,rebeccasalinas@example.com,2025-04-15,2025-04-16
371,Tyler,Curtis,sherrimartinez@example.com,2025-09-13,2025-10-13
372,Whitney,Marsh,srobles@example.com,2025-02-19,2025-02-26
373,Kimberly,Smith,downsrachel@example.com,2025-10-12,2025-10-13
374,Daniel,Pearson,daltonbrown@example.net,2025-02-13,2026-02-13
375,Pamela,Olsen,taylorlori@example.net,2025-01-15,2025-01-16
376,Arthur,Charles,lisa81@example.org,2025-08-12,2025-10-11
377,Brittany,Chavez,bethmathis@example.org,2025-11-09,2025-11-16
378,Christopher,Davis,carllester@example.com,2025-06-22,2025-06-23
379,Christopher,Simmons,michellelee@example.com,2025-11-12,2025-11-13
380,Debra,Huff,jmiller@example.org,2025-10-15,2025-12-14
381,Holly,Glenn,colejonathan@example.org,2025-06-09,2025-06-10
382,Patrick,Gomez,ethandouglas@example.com,2025-08-11,2025-08-12
383,Rita,Martinez,cathyhawkins@example.org,2025-08-02,2025-10-31
384,Johnny,Hogan,vanessa50@example.org,2025-02-10,2025-02-11
385,Brittney,Cantrell,jasonmoore@example.org,2025-03-23,2025-03-24
386,Benjamin,Mckay,michellewilliams@example.net,2025-04-13,2025-04-14
387,Justin,Travis,andrewwebb@example.net,2025-07-04,2025-10-02
388,Kelly,Curtis,johnsonjohn@example.com,2025-03-15,2025-04-14
389,Brandon,Beasley,marissakennedy@example.org,2025-02-25,2025-03-27
390,Stephanie,Hammond,ngross@example.com,2025-09-12,2025-09-13
391,Jerry,Adams,jordan45@example.com,2025-06-12,2025-07-12
392,Elizabeth,Wagner,ashley67@example.net,2025-01-11,2025-01-12
393,Matthew,Ward,ujohnson@example.org,2025-03-24,2025-03-25
394,Stephen,Bennett,timothy36@example.com,2025-10-03,2026-01-01
395,Judy,Smith,yfrederick@example.com,2025-08-23,2026-08-23
396,Amanda,Phillips,qmiller@example.com,2025-08-04,2025-11-02
397,Francis,Mckenzie,sarahross@example.com,2025-08-10,2025-08-11
398,Anne,Bradley,cfields@example.net,2025-07-20,2025-07-27
399,Tyler,Bailey,qblackburn@example.net,2025-08-23,2025-11-21
400,Jennifer,Reeves,heidi67@example.net,2025-04-27,2025-05-27
401,Nathan,Sanders,colleenjones@example.net,2025-06-18,2025-06-19
402,Jessica,Gonzalez,valenciadavid@example.com,2025-09-12,2025-09-13
403,Jacob,Schmidt,barryhall@example.net,2025-05-18,2025-08-16
404,Andrew,Holmes,zchristensen@example.org,2025-05-08,2025-05-09
405,Kyle,Mccarthy,otownsend@example.net,2025-05-14,2026-05-14
406,Matthew,Allen,james48@example.net,2025-10-28,2026-01-26
407,Calvin,Campbell,kristen40@example.net,2025-01-03,2025-06-02
408,Brittany,Smith,aprilreynolds@example.org,2025-06-22,2025-08-21
409,Sarah,Swanson,ericamoreno@example.org,2025-10-29,2025-10-30
410,Thomas,Turner,dcarrillo@example.net,2025-11-03,2025-11-04
411,Cheyenne,Howard,deniseking@example.net,2025-01-20,2025-01-21
412,Matthew,Mclaughlin,nguyenmark@example.org,2025-08-11,2025-08-12
413,Gregory,Reilly,xchambers@example.com,2025-11-30,2025-12-01
414,Michael,Copeland,david54@example.net,2025-07-25,2025-11-22
415,Nicole,Simpson,adrianclark@example.com,2025-08-26,2026-01-23
416,Timothy,Reyes,ywilson@example.com,2025-08-14,2025-08-15
417,Michele,Fuller,kellyaguirre@example.com,2025-03-23,2025-04-22
418,Ashley,Turner,laurentrevino@example.org,2025-09-09,2025-09-10
419,Barbara,Tran,washingtondarren@example.net,2025-04-23,2025-06-22
420,Dylan,Martinez,rodneyhoward@example.com,2025-02-13,2025-02-14
421,Aaron,Moody,maldonadojason@example.com,2025-03-04,2025-07-02
422,Justin,Sawyer,strongkent@example.com,2025-02-20,2025-07-20
423,Mary,Ramos,toddpark@example.com,2025-08-11,2025-08-12
424,Sarah,Harris,sarahdalton@example.org,2025-06-16,2025-11-13
425,John,Rodriguez,natalie14@example.com,2025-03-08,2025-03-15
426,Renee,Petty,jeffreyknapp@example.com,2025-04-30,2025-07-29
427,Michael,Reed,pfaulkner@example.org,2025-11-18,2025-11-25
428,Matthew,Cannon,anne11@example.com,2025-09-12,2025-09-13
429,Joshua,Spencer,kenneth57@example.net,2025-10-06,2025-10-07
430,Steven,Vazquez,xhanson@example.net,2025-04-24,2025-10-21
431,Brittney,Carpenter,jeffreyjohnson@example.net,2025-09-28,2025-09-29
432,Kenneth,Beasley,smiller@example.com,2025-11-15,2026-01-14
433,Kenneth,Rangel,michael94@example.com,2025-03-19,2025-03-20
434,Barbara,Wilson,codyblack@example.org,2025-04-22,2025-04-23
435,Peter,Petty,amber19@example.com,2025-09-30,2025-10-01
436,Jennifer,Bird,dreed@example.net,2025-07-16,2026-07-16
437,Jennifer,Coffey,juandavis@example.com,2025-06-17,2025-06-18
438,Michael,Pruitt,bethanylarsen@example.net,2025-11-05,2025-11-12
439,Rick,Garza,ivasquez@example.org,2025-06-29,2025-07-06
440,Brittney,Garcia,hyoder@example.com,2025-02-08,2025-03-10
441,Kimberly,Smith,cbeasley@example.net,2025-06-06,2025-06-07
442,Heather,Torres,waterssharon@example.com,2025-09-18,2025-12-17
443,Julie,Delgado,amandawilliams@example.org,2025-07-17,2025-07-24
444,Debra,Burton,brownkatherine@example.org,2025-11-28,2025-12-05
445,Ronald,Martin,farleybrian@example.org,2025-07-30,2025-08-06
446,Philip,Wallace,barnesjason@example.org,2025-09-03,2025-09-04
447,Jillian,Perkins,tiffany94@example.org,2025-06-18,2025-06-19
448,Michael,Clark,john97@example.org,2025-07-18,2025-07-25
449,Jeffrey,Brown,cmiller@example.com,2025-06-30,2025-07-01
450,Ian,Bright,ericbooth@example.org,2025-06-29,2025-06-30
451,Mary,Martin,jamesgraham@example.com,2025-11-05,2026-11-05
452,Keith,Sutton,pfreeman@example.com,2025-02-24,2025-03-03
453,Misty,Wolfe,bryan70@example.org,2025-07-15,2025-07-16
454,Crystal,Mcknight,orozcotaylor@example.com,2025-05-02,2026-05-02
455,Laura,Nelson,nancy88@example.com,2025-09-24,2025-09-25
456,Kristi,Dean,kevin29@example.net,2025-08-02,2025-10-31
457,Edward,Scott,sanchezkeith@example.com,2025-06-15,2025-06-16
458,Danny,Williams,fisherjames@example.net,2025-01-24,2025-01-25
459,Dawn,Davidson,jameskevin@example.org,2025-04-10,2025-05-10
460,Teresa,Boyd,stacy98@example.net,2025-04-30,2025-05-07
461,Steven,Wood,jennifer80@example.net,2025-02-03,2025-02-04
462,James,Terry,anthonybates@example.net,2025-05-27,2025-06-03
463,Mark,Snyder,justin08@example.org,2025-06-04,2025-06-05
464,Nichole,Lawrence,reevestrevor@example.net,2025-09-10,2025-10-10
465,Sandra,Blanchard,bgiles@example.net,2025-11-04,2026-01-03
466,Mary,Sawyer,msnyder@example.com,2025-05-23,2025-05-24
467,Nancy,Costa,zwade@example.com,2025-05-13,2025-05-14
468,Chelsea,Lee,ynelson@example.com,2025-02-23,2025-06-23
469,Laura,Johnson,djohnson@example.org,2025-08-18,2025-08-19
470,Peter,Hernandez,stephenmendoza@example.com,2025-07-07,2026-07-07
471,Nicole,Cabrera,michaelherrera@example.com,2025-07-13,2025-07-14
472,Tony,Everett,brian88@example.org,2025-02-16,2025-03-18
473,Eric,Underwood,timhuang@example.net,2025-01-24,2025-01-25
474,Jonathan,Brown,edwardsmaria@example.org,2025-06-19,2025-06-20
475,David,Mercado,mitchelljohn@example.com,2025-04-29,2025-04-30
476,Richard,Mueller,joshuascott@example.net,2025-08-03,2025-08-10
477,Mary,Thomas,jerome14@example.org,2025-03-21,2025-03-22
478,Marvin,Green,amandarodriguez@example.net,2025-06-21,2025-09-19
479,Steven,Morgan,maria92@example.com,2025-04-20,2025-05-04
480,Brianna,Hill,wattsamanda@example.net,2025-07-16,2025-07-17
481,Alex,Gomez,monica93@example.org,2025-05-26,2025-06-09
482,Derek,Tran,meganherman@example.org,2025-05-02,2025-05-03
483,Darren,Chambers,hestercorey@example.net,2025-06-05,2025-06-12
484,Mark,Campos,daniellecastillo@example.net,2025-01-23,2025-01-24
485,Michael,Sawyer,kevinrios@example.org,2025-10-15,2025-10-16
486,Kevin,Cox,brooksandrea@example.net,2025-03-08,2025-03-09
487,Isaiah,Sullivan,lisa07@example.org,2025-05-17,2025-05-18
488,Eugene,Holden,perkinscharles@example.com,2025-04-08,2025-04-09
489,Brandon,Obrien,flin@example.org,2025-11-12,2025-11-19
490,Michael,Haynes,steven91@example.com,2025-09-20,2025-09-21
491,Rebecca,Jones,ylopez@example.net,2025-01-10,2025-01-11
492,Andrea,Evans,tina51@example.com,2025-01-17,2025-01-18
493,Madison,Washington,jason12@example.com,2025-09-03,2025-10-03
494,Jason,Ferguson,charles94@example.com,2025-04-25,2025-05-02
495,Shane,Evans,danielsjanet@example.org,2025-10-27,2025-11-26
496,Christopher,Santiago,williamslori@example.net,2025-05-20,2025-06-19
497,Robert,Stanton,cervantesjessica@example.org,2025-06-23,2025-06-24
498,Joseph,Jacobs,mgriffith@example.net,2025-10-28,2026-10-28
499,Yvonne,Brady,lawrencemcpherson@example.net,2025-03-31,2025-04-01
500,Mackenzie,Maddox,kayla64@example.org,2025-07-30,2025-07-31
501,Margaret,Brooks,tinaholmes@example.net,2025-01-18,2025-04-18
502,Dana,Foster,ubridges@example.org,2025-05-13,2025-05-14
503,Elizabeth,Figueroa,nancy52@example.net,2025-07-31,2025-11-28
504,Zachary,Sanchez,oparker@example.org,2025-03-23,2025-04-22
505,Jeffrey,Thompson,larry39@example.net,2025-07-07,2025-07-14
506,Daniel,Williams,tdawson@example.net,2025-11-06,2026-01-05
507,Sherry,Davis,mario33@example.net,2025-09-20,2025-11-19
508,Jason,Hull,thomasevans@example.org,2025-02-08,2025-04-09
509,Richard,Bailey,jeffrey63@example.com,2025-10-10,2025-12-09
510,Christopher,Bowen,matthew04@example.org,2025-11-18,2026-11-18
511,Ian,Oneill,cynthia61@example.com,2025-03-10,2025-03-17
512,Brandi,Williams,bbrown@example.com,2025-06-29,2025-07-29
513,Lisa,Lopez,sellersmichael@example.net,2025-08-23,2026-08-23
514,Dawn,Davidson,brooksmargaret@example.org,2025-09-15,2025-10-15
515,Hayley,Reynolds,abbottdavid@example.org,2025-02-25,2025-05-26
516,Dawn,Duncan,caitlintorres@example.org,2025-08-30,2025-08-31
517,Brittany,Daniels,karencooley@example.org,2025-05-10,2025-10-07
518,Edward,Clements,willislee@example.net,2025-02-09,2025-04-10
519,William,Morgan,kcollier@example.net,2025-03-12,2025-03-13
520,Paul,Hubbard,nicole61@example.com,2025-04-03,2025-07-02
521,Justin,Alvarez,hsalazar@example.com,2025-03-06,2025-04-05
522,John,Ramirez,jonathonpowell@example.net,2025-05-23,2025-06-22
523,Sierra,Anderson,oconnellalexandra@example.com,2025-04-03,2025-04-04
524,Cory,Bright,mullinsjillian@example.net,2025-10-15,2025-10-16
525,Michael,Fleming,xmckinney@example.org,2025-02-09,2025-02-10
526,Alicia,Parker,mhood@example.com,2025-05-05,2025-07-04
527,Robert,Kemp,elizabeth91@example.net,2025-09-07,2025-09-08
528,Kayla,Rodriguez,alyssa84@example.com,2025-07-04,2025-07-05
529,Kendra,Welch,fcook@example.com,2025-11-24,2025-12-01
530,Joseph,Mccarthy,murphywilliam@example.com,2025-02-23,2025-02-24
531,David,Green,lauren25@example.org,2025-03-06,2025-03-07
532,Trevor,Chen,hnielsen@example.net,2025-06-04,2025-06-05
533,Marcus,Palmer,brian80@example.com,2025-08-29,2025-12-27
534,Marissa,Tran,kperez@example.org,2025-09-09,2025-12-08
535,Kimberly,Tyler,branditaylor@example.com,2025-07-31,2025-08-01
536,Robert,Davis,monicasmith@example.com,2025-04-10,2026-04-10
537,Betty,Baxter,mrivera@example.org,2025-10-10,2025-10-11
538,Kristen,Cook,egonzalez@example.net,2025-04-11,2025-04-12
539,Natalie,Mccarthy,brewermaurice@example.com,2025-09-14,2025-09-15
540,John,Dunn,krausedarryl@example.net,2025-04-29,2025-04-30
541,Robert,Rodriguez,darlene47@example.org,2025-09-14,2025-09-15
542,Sherry,Todd,wwatson@example.net,2025-03-26,2025-03-27
543,Edward,Mann,jgarrett@example.org,2025-05-06,2025-05-13
544,Kelsey,Campbell,paynematthew@example.net,2025-10-27,2025-10-28
545,Sarah,Rodriguez,stephenslisa@example.org,2025-01-06,2026-01-06
546,Alexandra,Turner,sanchezanthony@example.org,2025-07-04,2025-07-05
547,Jessica,Wilson,leahbailey@example.org,2025-10-10,2026-10-10
548,Lori,Hess,qfloyd@example.net,2025-07-21,2026-07-21
549,Victoria,Smith,henryedwin@example.org,2025-10-26,2025-11-02
550,Carlos,Berger,stuartsanders@example.net,2025-04-18,2025-05-18
551,Justin,Neal,jack85@example.com,2025-09-10,2025-09-11
552,Jennifer,Lambert,charlescantu@example.com,2025-02-12,2025-02-19
553,Hector,Miller,michelle98@example.net,2025-03-21,2025-03-22
554,Alejandra,Camacho,scottfreeman@example.net,2025-09-29,2026-01-27
555,Andrew,Mcdonald,john63@example.org,2025-06-17,2026-06-17
556,Philip,Huber,tiffany07@example.com,2025-09-03,2025-09-04
557,Joseph,Diaz,nielsenstephanie@example.org,2025-10-02,2025-10-03
558,Barry,Jensen,norrisbrett@example.org,2025-11-27,2025-12-04
559,Steven,Johnson,wchase@example.net,2025-03-17,2025-03-18
560,Lori,Lewis,tinawarren@example.net,2025-04-23,2025-04-24
561,Louis,Case,ariana42@example.com,2025-04-11,2025-04-12
562,Katherine,Lyons,freemanaaron@example.com,2025-01-09,2025-01-10
563,Troy,Adams,walter07@example.net,2025-01-25,2025-01-26
564,Danielle,Horne,josephalvarez@example.net,2025-10-25,2026-01-23
565,Micheal,White,colinle@example.org,2025-01-07,2025-01-08
566,Benjamin,Gibbs,marcus07@example.org,2025-08-08,2025-12-06
567,Jeremy,Fernandez,margaretgriffith@example.net,2025-02-19,2025-02-20
568,Stacy,Lara,jessicahill@example.net,2025-06-25,2025-06-26
569,Amanda,Peterson,jeffreydecker@example.net,2025-10-07,2025-10-08
570,Ryan,Padilla,lopezlauren@example.net,2025-08-27,2026-08-27
571,Richard,Forbes,rmcdowell@example.net,2025-09-24,2025-10-01
572,Matthew,Brown,espinozarenee@example.net,2025-05-20,2025-05-27
573,Seth,Bennett,comptontroy@example.org,2025-05-07,2025-05-08
574,Steven,Arnold,amandastout@example.net,2025-02-06,2025-02-07
575,Michael,Dennis,christopher22@example.net,2025-01-01,2025-01-02
576,Michael,Collins,mary69@example.net,2025-02-15,2025-02-16
577,Brandi,Snyder,scott31@example.org,2025-01-15,2025-01-16
578,Brooke,Thomas,ghall@example.org,2025-02-24,2026-02-24
579,Nicole,Johnson,zachary71@example.org,2025-04-10,2025-07-09
580,Charles,Chan,jeremybrown@example.org,2025-06-07,2025-06-08
581,Lisa,Brown,smithgregory@example.net,2025-06-26,2025-07-26
582,Candice,Perry,peterwright@example.com,2025-09-16,2025-09-23
583,Sean,Hanson,amanda38@example.com,2025-11-14,2026-01-13
584,Lance,Gomez,hgray@example.org,2025-06-24,2025-06-25
585,Anna,Aguilar,jasonlewis@example.com,2025-03-28,2025-05-27
586,Elizabeth,Sanders,andreawade@example.org,2025-05-10,2025-05-11
587,Rebecca,Arnold,brian49@example.org,2025-05-10,2026-05-10
588,David,Myers,millsjasmine@example.net,2025-07-03,2025-07-04
589,Jordan,Freeman,troy49@example.org,2025-10-07,2025-10-08
590,Joseph,Jackson,robertreed@example.net,2025-02-04,2026-02-04
591,Jacob,Hamilton,kathleennunez@example.net,2025-08-25,2026-08-25
592,Cheryl,Russell,kimdaniel@example.net,2025-09-02,2025-09-09
593,Robert,Young,xcruz@example.net,2025-03-10,2025-03-11
594,Laura,Hart,alexanderjames@example.com,2025-10-28,2025-10-29
595,Kim,Rubio,christopher48@example.com,2025-01-05,2026-01-05
596,Lindsey,Shea,alexwilliams@example.com,2025-04-09,2025-04-16
597,Kelly,Hall,smithdawn@example.org,2025-03-31,2026-03-31
598,Jason,Williams,ugreen@example.net,2025-07-27,2025-09-25
599,Julie,Mann,schmidtmichele@example.com,2025-08-04,2025-08-05
600,Karen,Mckay,ibrown@example.org,2025-08-24,2025-08-25
601,Brendan,Tanner,christina79@example.net,2025-10-06,2026-10-06
602,Mark,Copeland,bmartin@example.org,2025-11-14,2025-11-15
603,Diane,Potter,elizabethsmith@example.net,2025-03-24,2025-03-25
604,Alicia,Phillips,joelosborne@example.com,2025-02-17,2025-02-18
605,Nancy,Silva,tjohns@example.org,2025-06-18,2025-06-19
606,Brittany,Coffey,brandon46@example.org,2025-02-18,2026-02-18
607,Courtney,Bishop,rbryan@example.net,2025-06-11,2025-06-12
608,Christina,Vega,jstrickland@example.com,2025-03-06,2025-03-07
609,Matthew,Nelson,lwright@example.org,2025-01-16,2025-02-15
610,Lauren,Murphy,robert71@example.com,2025-01-22,2026-01-22
611,Kathy,Madden,breanna08@example.org,2025-11-13,2026-01-12
612,Adam,Mueller,josephwatson@example.com,2025-08-22,2026-08-22
613,Kristy,Shaw,denisecampbell@example.net,2025-07-29,2025-07-30
614,Bethany,Taylor,jessica33@example.com,2025-03-29,2025-04-05
615,Daniel,Johnson,ann93@example.com,2025-09-10,2025-09-11
616,Ashley,Nelson,jeremyhopkins@example.org,2025-10-04,2025-10-05
617,Andrea,Mckenzie,jenniferking@example.net,2025-10-08,2025-10-09
618,Victoria,Lewis,garzaevelyn@example.org,2025-06-28,2025-07-28
619,Dustin,Jackson,suttonkevin@example.com,2025-11-25,2025-11-26
620,Jerome,Mullins,oscarray@example.net,2025-08-11,2025-08-12
621,Laurie,Wallace,nancythomas@example.net,2025-02-26,2025-03-12
622,David,Blackwell,amoore@example.org,2025-10-18,2026-01-16
623,Austin,King,gregory72@example.org,2025-05-21,2025-05-22
624,Cheryl,Johnson,deleonshannon@example.com,2025-06-22,2025-06-23
625,Tracy,Reese,bperry@example.net,2025-06-17,2025-06-18
626,Justin,Allison,nortonmatthew@example.com,2025-07-02,2025-07-03
627,Hannah,Reyes,dawn34@example.net,2025-03-24,2025-03-25
628,Rebecca,Briggs,ruthlong@example.com,2025-10-10,2025-10-17
629,Joel,Huang,wilsonjennifer@example.org,2025-08-02,2026-08-02
630,Kelly,Garza,julie27@example.net,2025-05-19,2025-05-20
631,Travis,Woods,collin38@example.org,2025-08-10,2025-08-11
632,Adam,Olson,john99@example.com,2025-05-03,2025-05-04
633,Maria,Mann,mcbridedonald@example.com,2025-06-11,2025-11-08
634,Matthew,Larson,amandabaker@example.org,2025-01-16,2026-01-16
635,Carl,Harper,jennifermoore@example.com,2025-10-20,2026-01-18
636,Crystal,Kelly,moorewilliam@example.org,2025-08-29,2025-08-30
637,Dwayne,Brown,chapmandaniel@example.net,2025-10-16,2025-10-23
638,Linda,Jackson,pruittapril@example.com,2025-03-18,2025-09-14
639,Morgan,Nguyen,maryfernandez@example.net,2025-06-03,2025-06-04
640,Jasmine,Tate,djohnson@example.com,2025-09-20,2025-09-21
641,Megan,Rose,sarah59@example.com,2025-08-19,2025-08-26
642,Sally,Parker,shannon98@example.net,2025-10-19,2025-10-26
643,Steven,Conway,beverlybarrera@example.org,2025-07-31,2025-08-01
644,Dennis,Morris,carlygutierrez@example.net,2025-04-07,2025-06-06
645,Tamara,Weaver,garciabrandon@example.com,2025-10-29,2025-10-30
646,Valerie,Nicholson,kathleen08@example.net,2025-04-03,2025-04-04
647,Michelle,Moore,tyler90@example.org,2025-04-01,2025-04-02
648,Dakota,Alvarez,greendavid@example.net,2025-03-08,2025-03-09
649,Daniel,King,nicole55@example.org,2025-01-08,2025-02-07
650,Sandra,Smith,carlawalter@example.com,2025-02-01,2025-04-02
651,Christopher,Lawrence,millersarah@example.org,2025-05-04,2025-06-03
652,Deborah,Newman,darrenheath@example.net,2025-11-01,2025-11-02
653,Stephanie,Allison,abrooks@example.net,2025-06-17,2025-06-18
654,Michelle,Webb,opowell@example.com,2025-01-05,2026-01-05
655,Amanda,Watson,lisa10@example.org,2025-09-28,2025-09-29
656,James,Hogan,debbie20@example.org,2025-05-10,2025-05-11
657,Cynthia,Day,henryjenna@example.org,2025-06-08,2025-08-07
658,Jennifer,Newman,donnaleonard@example.net,2025-05-03,2025-06-02
659,Jose,Livingston,matthew30@example.org,2025-10-26,2026-01-24
660,Lynn,Willis,iodonnell@example.net,2025-11-03,2026-11-03
661,Brandon,Miller,farmerkayla@example.org,2025-04-23,2025-07-22
662,Debra,Singh,tiffany04@example.org,2025-09-10,2025-09-17
663,Cindy,Waters,aschaefer@example.com,2025-06-06,2026-06-06
664,Michelle,Turner,itorres@example.org,2025-03-23,2025-04-22
665,Tiffany,Johnson,taylornicole@example.org,2025-04-24,2025-04-25
666,Megan,Padilla,housejamie@example.com,2025-09-05,2025-09-06
667,Heather,Esparza,bianca42@example.com,2025-09-05,2025-12-04
668,Kristin,Fletcher,mchandler@example.com,2025-09-30,2026-01-28
669,Sarah,Murphy,moorekristen@example.org,2025-03-19,2025-03-20
670,Trevor,Kelly,karenjohnson@example.net,2025-08-22,2025-08-23
671,Gregory,Salinas,avega@example.org,2025-08-04,2025-08-05
672,Susan,Harrison,jennifer30@example.net,2025-07-02,2025-08-01
673,Patrick,Anderson,jonathangallegos@example.org,2025-05-14,2025-05-15
674,David,Harris,lpotter@example.org,2025-11-15,2026-11-15
675,Julie,Simpson,zchoi@example.com,2025-10-17,2026-01-15
676,Deborah,Smith,tyler08@example.com,2025-03-21,2025-03-28
677,Evan,Anthony,milesderrick@example.com,2025-03-14,2026-03-14
678,Christopher,Hernandez,dianelane@example.net,2025-02-21,2025-02-22
679,Ruben,Brown,smithamanda@example.org,2025-07-16,2025-07-17
680,Brenda,Browning,kyle70@example.org,2025-01-14,2025-02-13
681,Stephanie,Davis,goodwinnichole@example.com,2025-02-03,2025-02-04
682,Randy,Thomas,smithwilliam@example.net,2025-10-07,2025-10-08
683,Gabriel,Aguilar,michaelrichmond@example.net,2025-10-05,2026-10-05
684,Charles,Ford,spalmer@example.com,2025-07-05,2025-07-06
685,Mark,Cox,colekimberly@example.net,2025-09-09,2025-11-08
686,Robert,Perez,lanetina@example.net,2025-11-11,2025-11-12
687,Raymond,Bean,smithtodd@example.com,2025-09-18,2025-09-25
688,Taylor,Smith,briannaharris@example.com,2025-04-05,2025-04-12
689,Kimberly,Donaldson,kimberly01@example.net,2025-08-17,2025-08-24
690,Robert,Cantrell,saundersmckenzie@example.org,2025-02-12,2025-04-13
691,Brianna,Johnson,wallsdavid@example.net,2025-06-10,2025-06-11
692,Mackenzie,Fox,yvonne15@example.com,2025-10-12,2025-12-11
693,Christopher,Stafford,michael48@example.net,2025-02-14,2025-02-15
694,Cynthia,Pena,knightmonica@example.org,2025-05-31,2025-06-07
695,Brett,Lane,morganholly@example.com,2025-11-13,2025-11-20
696,Emily,Weber,esanchez@example.org,2025-06-25,2025-09-23
697,Claire,Velez,wanda97@example.com,2025-05-19,2025-05-20
698,Eric,Sanchez,seanmontgomery@example.com,2025-09-18,2025-12-17
699,Angela,Franco,gentryandrew@example.net,2025-05-08,2025-05-09
700,Brandon,Brown,isanders@example.org,2025-02-28,2025-04-29
701,Matthew,Gordon,rachelcasey@example.net,2025-05-19,2025-06-18
702,Mark,Jackson,vbutler@example.org,2025-06-05,2026-06-05
703,Melissa,Garcia,wmason@example.net,2025-09-21,2025-09-22
704,Lindsay,Torres,mariabruce@example.com,2025-05-10,2025-05-11
705,Eric,Hall,othompson@example.org,2025-03-25,2025-05-24
706,Guy,Reyes,matthew80@example.net,2025-02-19,2025-06-19
707,Karen,Mason,stonejill@example.net,2025-05-28,2026-05-28
708,Robert,Sellers,alexis01@example.com,2025-05-08,2025-05-15
709,Jeffrey,Simpson,jessica46@example.com,2025-09-22,2025-10-06
710,Jeffrey,Coleman,crosspaul@example.org,2025-10-23,2025-10-24
711,Jennifer,Buckley,yrobinson@example.org,2025-01-24,2025-04-24
712,Carol,Bender,castillomichael@example.com,2025-02-06,2026-02-06
713,Patty,Clark,samanthawright@example.net,2025-09-09,2025-09-10
714,Melinda,Gregory,catkins@example.com,2025-11-26,2025-11-27
715,Bethany,Blake,kboyd@example.com,2025-11-18,2025-12-18
716,Angela,Wilson,robert63@example.com,2025-09-23,2025-09-24
717,Alexandria,Huffman,sherry16@example.com,2025-07-16,2025-10-14
718,Cassandra,Brooks,saunderskenneth@example.net,2025-05-28,2025-05-29
719,Lance,Woodward,justin50@example.net,2025-02-12,2025-02-13
720,Rebecca,Gonzalez,christopherjones@example.org,2025-02-15,2025-02-16
721,Vanessa,Gray,patriciaalvarez@example.net,2025-01-06,2025-01-07
722,Scott,Adams,lindseyjorge@example.com,2025-04-18,2025-04-19
723,Jennifer,Smith,duartegrace@example.com,2025-07-22,2025-07-23
724,Jessica,Parker,grahamtrevor@example.org,2025-08-09,2026-08-09
725,Melissa,Hernandez,jerrysantiago@example.org,2025-02-11,2025-02-12
726,Christine,Holland,tracy95@example.net,2025-02-20,2025-02-21
727,Brianna,Jones,andrewmartinez@example.com,2025-11-05,2026-01-04
728,Emily,Sheppard,melanie23@example.net,2025-05-21,2025-06-04
729,Keith,Lane,torresphilip@example.com,2025-02-14,2025-02-21
730,Robert,Johnson,rnash@example.net,2025-08-19,2025-12-17
731,Samantha,Spencer,vanessa71@example.com,2025-06-11,2025-06-12
732,Jessica,Taylor,john44@example.com,2025-06-01,2025-06-02
733,Matthew,Mayo,jennifergarcia@example.net,2025-03-17,2025-07-15
734,Katherine,Cook,brenda48@example.com,2025-11-06,2025-11-07
735,Michael,Webb,baldwinkaren@example.org,2025-06-11,2025-08-10
736,Christopher,Robinson,laura60@example.net,2025-03-21,2025-03-22
737,Shelby,Rogers,cheyenne88@example.org,2025-03-08,2025-03-09
738,Donald,Williams,yholloway@example.net,2025-11-15,2025-11-16
739,Brenda,Jordan,sarahallen@example.net,2025-11-29,2026-11-29
740,Theresa,Neal,mwilliams@example.org,2025-11-25,2026-01-24
741,Tonya,Brooks,pharding@example.net,2025-11-05,2026-01-04
742,Mark,Walsh,grossandrea@example.net,2025-09-03,2025-09-04
743,Angela,Johnson,alicia69@example.net,2025-07-30,2025-08-13
744,Michelle,Williams,johnsonheidi@example.com,2025-03-11,2025-03-12
745,Susan,Gallegos,wiseantonio@example.net,2025-09-10,2025-09-11
746,Amanda,Bender,robert63@example.net,2025-04-28,2025-04-29
747,Brittany,Fields,nathanhooper@example.net,2025-05-19,2025-10-16
748,Jamie,Johnson,elliottdaniel@example.net,2025-06-12,2025-06-13
749,Trevor,Evans,frenchmatthew@example.net,2025-11-17,2025-11-24
750,Donald,Obrien,williamsnicholas@example.org,2025-05-01,2025-05-08
751,Louis,White,alexyoung@example.net,2025-10-29,2025-12-28
752,Derrick,Henderson,parsonsmichael@example.com,2025-10-10,2025-10-11
753,Jack,Gibson,fsmith@example.com,2025-10-02,2025-12-01
754,Johnny,Lowe,caroline30@example.org,2025-11-14,2026-11-14
755,Andrea,Adams,ohunter@example.org,2025-10-04,2025-10-18
756,James,Grant,chad83@example.org,2025-01-29,2025-02-05
757,Douglas,Johnson,pwilliams@example.com,2025-05-02,2025-05-09
758,Darren,Woodard,rodriguezolivia@example.net,2025-11-06,2025-11-13
759,Joshua,Lee,russoscott@example.com,2025-10-22,2025-12-21
760,Glenn,Moss,melissathomas@example.net,2025-01-14,2025-01-15
761,Theodore,Martinez,brent58@example.org,2025-06-06,2025-06-07
762,Veronica,Grant,james42@example.net,2025-10-09,2025-10-10
763,Abigail,Flores,audrey14@example.org,2025-01-09,2025-01-10
764,Christopher,Reeves,tonyramirez@example.org,2025-10-27,2025-11-26
765,John,White,ssmith@example.com,2025-06-26,2025-06-27
766,Michael,Morris,amandariggs@example.com,2025-08-26,2025-08-27
767,John,Hughes,vharvey@example.net,2025-08-04,2025-08-05
768,Makayla,Richardson,allen56@example.net,2025-03-09,2026-03-09
769,Hannah,Gray,scottabigail@example.com,2025-08-01,2025-08-08
770,Anthony,Vance,jhancock@example.net,2025-03-16,2026-03-16
771,James,Gill,elee@example.net,2025-11-30,2025-12-01
772,Melanie,Guerrero,adamselijah@example.org,2025-03-12,2025-04-11
773,Matthew,Rhodes,millsjon@example.net,2025-03-08,2025-03-09
774,Donald,Bishop,emorrison@example.org,2025-01-08,2025-01-15
775,Sarah,Donaldson,marystewart@example.com,2025-05-15,2025-05-16
776,Joseph,Mills,denisejenkins@example.net,2025-10-20,2026-01-18
777,David,Golden,davisjennifer@example.org,2025-09-29,2026-09-29
778,Jesse,Hayes,jenniferrodriguez@example.com,2025-05-29,2025-07-28
779,Antonio,Hall,blakewilliam@example.com,2025-01-07,2025-01-08
780,Claire,Stevens,nicholas70@example.org,2025-04-06,2025-07-05
781,Daniel,Valdez,njennings@example.org,2025-07-11,2025-07-12
782,Timothy,Bishop,christievilla@example.net,2025-11-30,2026-11-30
783,Chad,Haley,audreyberry@example.net,2025-11-23,2026-01-22
784,Penny,Howell,johnsonbenjamin@example.com,2025-09-10,2025-09-11
785,Jennifer,Rush,samanthajackson@example.net,2025-05-27,2025-06-26
786,Tammy,Hooper,bellis@example.org,2025-04-16,2025-04-17
787,Krista,Adams,asmith@example.org,2025-11-03,2025-11-10
788,Mackenzie,Kelly,nchavez@example.com,2025-04-16,2025-04-17
789,Gabriel,Miller,austinknight@example.net,2025-08-07,2025-08-08
790,David,Byrd,aking@example.com,2025-09-29,2025-09-30
791,Robert,Smith,maurice89@example.com,2025-11-01,2025-11-02
792,Claudia,Nichols,ajones@example.com,2025-06-25,2025-08-24
793,Dale,Burke,josephjohnson@example.com,2025-01-24,2025-07-23
794,Megan,Torres,zrodriguez@example.net,2025-05-13,2025-05-14
795,Timothy,Sweeney,tswanson@example.net,2025-07-30,2025-07-31
796,Bethany,Mcdonald,williammendoza@example.com,2025-07-11,2025-09-09
797,John,White,tstanley@example.org,2025-04-12,2025-04-19
798,Sara,Lynn,tiffany33@example.com,2025-03-07,2025-03-14
799,William,Johnston,flewis@example.com,2025-11-02,2025-11-03
800,Stephanie,Holmes,catherinepatton@example.net,2025-03-25,2025-03-26
801,James,Archer,donna28@example.org,2025-11-10,2025-11-11
802,Jill,Montes,rodriguezdebra@example.org,2025-02-03,2025-03-05
803,Julie,Frazier,jeremymartin@example.com,2025-08-31,2025-09-07
804,Thomas,Torres,smithrichard@example.net,2025-08-24,2025-08-31
805,Margaret,Thompson,dmorrow@example.net,2025-02-02,2025-04-03
806,Ryan,Moore,aescobar@example.com,2025-03-09,2025-03-23
807,Katrina,Roman,lauren25@example.com,2025-07-26,2025-07-27
808,Jasmine,Galvan,melissa09@example.com,2025-06-16,2025-10-14
809,David,Wheeler,ramseyjeffery@example.org,2025-06-24,2025-07-01
810,Carrie,Evans,millerdeanna@example.net,2025-08-18,2026-08-18
811,Jason,Shepherd,pattonrichard@example.net,2025-03-25,2025-05-24
812,Jonathan,Taylor,moorerodney@example.net,2025-04-16,2025-04-17
813,Jennifer,Leonard,woodlauren@example.org,2025-01-02,2025-01-09
814,Jessica,Martin,hernandezjonathan@example.net,2025-06-25,2025-06-26
815,Stanley,Coleman,tonya85@example.com,2025-09-08,2025-12-07
816,Theresa,Dominguez,laura88@example.com,2025-09-25,2025-11-24
817,Jason,Francis,sara06@example.net,2025-04-19,2025-08-17
818,John,Taylor,phillipscott@example.com,2025-04-22,2025-04-23
819,Ronald,Mccullough,ohicks@example.net,2025-02-11,2025-05-12
820,Brenda,Hood,jasonfernandez@example.com,2025-03-02,2025-04-01
821,Kenneth,Andrews,joshuakirby@example.net,2025-06-09,2025-09-07
822,Sarah,Howe,richardrobinson@example.org,2025-06-01,2025-06-02
823,Perry,Brown,warrenmary@example.com,2025-06-23,2025-06-30
824,Brandon,Tate,mary98@example.com,2025-01-31,2025-05-01
825,John,Pena,stevenwells@example.net,2025-09-04,2025-09-05
826,Misty,Wade,williamssteven@example.org,2025-07-18,2026-07-18
827,Troy,Dixon,sharon04@example.net,2025-07-27,2025-10-25
828,Julie,Campos,wstevens@example.net,2025-06-17,2025-10-15
829,Lisa,Martinez,lmartinez@example.org,2025-10-29,2025-11-28
830,Marcus,Davis,kevinhammond@example.com,2025-05-25,2025-06-01
831,Andrew,Durham,figueroakaren@example.com,2025-06-20,2025-06-21
832,Jeffery,Schmidt,juan93@example.net,2025-10-26,2026-01-24
833,Jeff,Fitzpatrick,oyoung@example.org,2025-07-28,2025-07-29
834,William,Matthews,john25@example.net,2025-05-31,2025-06-01
835,Jamie,Walls,sbrooks@example.org,2025-08-18,2025-08-19
836,Brenda,Miller,jordansuzanne@example.org,2025-11-17,2026-01-16
837,Edward,Wise,thomasholmes@example.org,2025-11-25,2025-11-26
838,Nicole,Benjamin,peterstone@example.org,2025-03-06,2025-08-03
839,Douglas,Williams,michaelfarrell@example.org,2025-03-25,2026-03-25
840,Angelica,Lane,vlong@example.com,2025-08-12,2026-08-12
841,Caitlin,Alvarez,daniel10@example.org,2025-05-31,2025-06-14
842,Joan,Clements,markspencer@example.org,2025-07-09,2026-07-09
843,Maria,Miranda,oliviahunt@example.com,2025-06-23,2025-06-30
844,Eric,Williamson,noblechristopher@example.net,2025-08-07,2025-08-14
845,Philip,Gibson,william22@example.com,2025-04-28,2025-05-28
846,Spencer,Thomas,richard89@example.net,2025-10-16,2026-10-16
847,Cynthia,Stevens,imartinez@example.com,2025-02-12,2025-02-13
848,Matthew,Lawson,astone@example.net,2025-09-18,2025-09-19
849,Cody,Gomez,danielle47@example.com,2025-05-16,2025-07-15
850,Cheryl,Hernandez,rhondahudson@example.org,2025-02-25,2025-02-26
851,Sharon,Green,coreyharrell@example.org,2025-07-27,2026-01-23
852,Kimberly,Bowen,tiffanycurtis@example.com,2025-09-16,2025-09-23
853,Ashley,Joseph,kellererica@example.com,2025-03-04,2025-03-05
854,Brandi,Beck,jaimefischer@example.org,2025-04-24,2025-04-25
855,Austin,Taylor,proctorlori@example.org,2025-03-04,2025-03-05
856,James,Henderson,frodriguez@example.com,2025-08-13,2025-08-14
857,Kathryn,Mullen,rmorrow@example.net,2025-08-28,2025-08-29
858,Michael,Tucker,xcardenas@example.net,2025-01-28,2025-03-29
859,Thomas,Wolf,matthew69@example.net,2025-03-18,2026-03-18
860,Jennifer,Valenzuela,nflores@example.com,2025-10-08,2026-01-06
861,Lauren,Carroll,zpaul@example.net,2025-03-08,2025-03-09
862,Brandon,Smith,chambersrobin@example.net,2025-07-18,2025-07-25
863,Vickie,Taylor,eric71@example.net,2025-05-27,2025-05-28
864,Nicholas,Scott,iandavis@example.com,2025-11-25,2025-11-26
865,Barbara,Tucker,xpitts@example.net,2025-07-01,2025-07-02
866,Julie,Reyes,christophermarshall@example.net,2025-05-26,2026-05-26
867,Daniel,Nguyen,stephenskelsey@example.net,2025-04-09,2025-08-07
868,Margaret,Brown,randysilva@example.org,2025-07-14,2025-07-15
869,Ronald,Garcia,paul97@example.net,2025-09-01,2025-09-02
870,Michael,Frederick,nrivera@example.org,2025-08-20,2025-08-27
871,Robert,Weber,oscarhubbard@example.net,2025-04-12,2026-04-12
872,Rebecca,Ramos,jessica32@example.org,2025-08-14,2025-08-15
873,Donna,Johnston,amanda18@example.com,2025-02-05,2026-02-05
874,Christine,Rice,trevorharris@example.net,2025-10-25,2025-10-26
875,Elizabeth,Garner,stephanie08@example.net,2025-10-20,2025-10-27
876,Alexa,Cooper,mkelly@example.org,2025-09-08,2025-09-09
877,Leslie,Thompson,dpatterson@example.org,2025-04-05,2025-04-06
878,Tammy,Jones,williamspaula@example.org,2025-06-12,2025-06-13
879,Anthony,Combs,jessicawelch@example.org,2025-11-07,2025-11-08
880,Jonathan,Fernandez,allison56@example.net,2025-07-16,2025-08-15
881,Jason,Jones,jorgehanson@example.net,2025-02-26,2025-03-05
882,Angela,Manning,davidgarcia@example.org,2025-10-31,2025-11-01
883,Brandy,Wells,browntonya@example.org,2025-04-25,2025-07-24
884,Gregory,Kelley,robinsontimothy@example.net,2025-10-30,2025-10-31
885,Barbara,Nunez,donnarodriguez@example.com,2025-01-10,2025-01-17
886,Robert,Lambert,thomasalexander@example.com,2025-09-02,2025-09-09
887,Debra,Thompson,burnsamanda@example.com,2025-07-01,2025-07-02
888,Jason,Galvan,awilliams@example.com,2025-05-12,2025-05-19
889,Raymond,Gibson,gonzalezjennifer@example.org,2025-04-19,2025-05-19
890,Zachary,Hancock,breannagibson@example.org,2025-08-20,2026-01-17
891,Kevin,Mitchell,summersbenjamin@example.org,2025-06-30,2025-07-30
892,David,Jones,john17@example.org,2025-10-10,2025-11-09
893,Gregory,Campbell,elainemartinez@example.org,2025-05-12,2025-09-09
894,Michael,Ramirez,mcconnelljoshua@example.org,2025-02-01,2025-02-02
895,William,Day,lozanopatricia@example.net,2025-10-03,2025-10-04
896,Kimberly,James,cdaniel@example.org,2025-04-20,2025-04-27
897,Jessica,Bowen,thompsonamber@example.com,2025-02-14,2025-02-15
898,Brandon,Novak,nancywhite@example.com,2025-08-12,2025-08-13
899,Lisa,Smith,joshuahardy@example.com,2025-04-22,2025-07-21
900,Jeremy,Palmer,jordankatie@example.net,2025-01-06,2025-02-05
901,Ashley,Parks,fmoore@example.com,2025-10-14,2026-01-12
902,Kenneth,Smith,stephenskenneth@example.net,2025-08-06,2025-08-07
903,Jeffrey,Brown,jonathanoliver@example.net,2025-08-12,2025-12-10
904,Anthony,Long,clee@example.com,2025-09-20,2025-09-27
905,Laurie,Rose,ramirezerin@example.net,2025-03-19,2025-07-17
906,Megan,Brown,mitchellapril@example.org,2025-08-05,2025-08-06
907,Samantha,Goodwin,tylerdonovan@example.org,2025-05-12,2025-05-13
908,Patty,Ross,katherine69@example.net,2025-04-02,2025-07-31
909,Anthony,Cook,dennisflores@example.org,2025-11-28,2025-12-05
910,Jason,Jones,ipineda@example.org,2025-02-27,2025-03-29
911,Ronald,Santos,jayjohnson@example.net,2025-05-15,2025-06-14
912,Raymond,Kelley,jason16@example.net,2025-04-04,2025-04-05
913,David,Lam,murphydarren@example.net,2025-03-06,2025-03-13
914,Jason,Franco,rbrown@example.net,2025-01-01,2025-01-08
915,Anthony,Brown,ann14@example.com,2025-06-10,2025-10-08
916,David,Davis,alanlowe@example.com,2025-06-16,2026-06-16
917,Jennifer,Mueller,robinsonrobert@example.net,2025-11-23,2025-11-30
918,Debbie,Munoz,mhunt@example.com,2025-04-19,2025-07-18
919,Joseph,Waters,audrey07@example.org,2025-10-01,2025-10-02
920,Ann,Martinez,vmullen@example.net,2025-10-20,2025-12-19
921,Justin,Summers,monicawood@example.com,2025-02-05,2025-04-06
922,Albert,Wilkerson,wanderson@example.net,2025-05-17,2026-05-17
923,Jacqueline,Smith,daniel39@example.org,2025-05-30,2025-06-06
924,Brent,Ward,isaac70@example.org,2025-06-05,2025-06-06
925,Caitlin,Shelton,renee73@example.org,2025-06-30,2025-07-01
926,Kimberly,Walker,brittanymcdonald@example.net,2025-02-15,2025-05-16
927,Keith,Mosley,janetmercado@example.com,2025-01-19,2025-01-20
928,Joseph,Roy,phamsusan@example.org,2025-06-16,2025-06-17
929,Kellie,Nash,rpierce@example.com,2025-01-09,2025-04-09
930,Michael,Crane,kimberly15@example.org,2025-07-27,2025-07-28
931,Bradley,Wood,nicholas16@example.com,2025-04-11,2025-04-12
932,Jessica,Nguyen,leecatherine@example.org,2025-02-21,2025-07-21
933,Jonathan,Miller,johndavis@example.com,2025-09-03,2025-10-03
934,Shirley,Roberts,harold24@example.com,2025-04-26,2025-04-27
935,Patricia,Calhoun,angela84@example.org,2025-06-12,2026-01-08
936,Lisa,Ward,jasonstevenson@example.net,2025-10-06,2026-01-04
937,James,Banks,mileskelsey@example.com,2025-02-17,2025-05-18
938,Jennifer,Davidson,jill27@example.com,2025-05-15,2025-05-16
939,Austin,White,christopherklein@example.net,2025-04-25,2025-04-26
940,Rachel,Warren,juan43@example.net,2025-01-11,2026-01-11
941,Geoffrey,Clark,lisavaldez@example.com,2025-04-04,2025-08-02
942,Mary,House,eric08@example.org,2025-02-05,2025-02-12
943,Christina,Anderson,timothy26@example.net,2025-06-08,2025-10-06
944,Nicholas,Ward,kenneth67@example.org,2025-10-28,2025-10-29
945,Kyle,Howard,garnerbailey@example.org,2025-01-31,2025-04-01
946,Allison,Reynolds,lisa49@example.net,2025-03-31,2025-04-01
947,Jason,Parker,xroberts@example.com,2025-10-23,2026-10-23
948,Jason,Terry,thomaskevin@example.net,2025-08-09,2025-09-08
949,Jessica,Wheeler,josephmendoza@example.com,2025-10-21,2025-10-22
950,Linda,Smith,steven41@example.com,2025-03-18,2025-04-17
951,Jeremy,Duncan,jonathansmith@example.com,2025-10-02,2025-10-03
952,Kendra,Perez,shahalexander@example.net,2025-07-29,2025-07-30
953,Alexis,Mitchell,madisonbond@example.com,2025-08-30,2025-08-31
954,Thomas,Mays,qpierce@example.net,2025-05-17,2026-05-17
955,Lance,Moore,tylerwise@example.org,2025-09-13,2025-12-12
956,Abigail,Campbell,uwhitehead@example.org,2025-08-10,2026-01-07
957,Alexander,Hansen,druiz@example.org,2025-04-06,2025-04-13
958,Dorothy,Salazar,leah90@example.org,2025-02-13,2025-02-14
959,Kevin,Martinez,christopher34@example.net,2025-04-28,2025-04-29
960,Peter,Reynolds,jessica87@example.org,2025-09-22,2025-09-29
961,Michael,Eaton,richmondandrew@example.com,2025-07-28,2025-07-29
962,Brent,Decker,njohnson@example.com,2025-05-22,2025-05-23
963,Jared,Clark,austinhurley@example.com,2025-02-20,2025-02-21
964,Mary,Gilmore,tjohnson@example.org,2025-08-08,2025-08-09
965,Rachel,West,destinyreid@example.net,2025-10-09,2025-10-23
966,James,Blankenship,sarafischer@example.com,2025-03-14,2025-03-21
967,Matthew,Bender,srios@example.net,2025-08-27,2025-10-26
968,Mary,Simpson,ahenry@example.com,2025-02-17,2026-02-17
969,Brenda,Collins,lori22@example.org,2025-09-26,2025-09-27
970,Ryan,Lewis,lopezkevin@example.net,2025-04-22,2025-04-29
971,Noah,Campbell,kellyleah@example.com,2025-04-08,2026-04-08
972,Anna,Davis,carrjerry@example.com,2025-06-05,2025-06-12
973,Amber,Woodward,gibsoncharles@example.org,2025-05-16,2025-09-13
974,Anna,Sullivan,zbarry@example.com,2025-11-06,2026-11-06
975,Sarah,Soto,chungchad@example.org,2025-06-02,2025-06-03
976,Joel,Martinez,kristinross@example.net,2025-04-02,2025-04-09
977,Samantha,Smith,nwilliams@example.net,2025-01-16,2025-01-17
978,Victoria,Robinson,taylor75@example.com,2025-06-08,2025-06-09
979,Christopher,Lee,bryan23@example.org,2025-11-09,2025-11-10
980,Johnny,Dickerson,oyoung@example.com,2025-10-25,2025-10-26
981,Karen,Russell,joshuacarroll@example.com,2025-07-26,2025-08-02
982,Cynthia,Parker,njohnson@example.org,2025-10-02,2025-10-03
983,Ian,Moore,emcdowell@example.net,2025-09-13,2025-11-12
984,Willie,Cross,umartinez@example.net,2025-07-13,2025-07-14
985,Elizabeth,Landry,tmcguire@example.org,2025-06-27,2025-06-28
986,Amy,Green,jessica32@example.com,2025-09-10,2025-09-11
987,Michael,Daugherty,herreradustin@example.net,2025-11-18,2025-11-25
988,Cody,Spears,richard40@example.net,2025-05-09,2025-10-06
989,Sherry,Brown,williamsoncole@example.com,2025-02-13,2025-05-14
990,Courtney,Roberts,christopherfloyd@example.net,2025-07-08,2025-07-09
991,Kevin,Davenport,josephhernandez@example.net,2025-06-30,2025-08-29
992,Gabriella,Grant,amy27@example.net,2025-10-31,2025-11-07
993,Carolyn,Ward,iaguilar@example.org,2025-08-06,2026-08-06
994,Laura,Jones,gmartinez@example.net,2025-05-09,2025-05-16
995,Karen,Torres,jessicahall@example.com,2025-05-15,2025-05-22
996,Sara,Thomas,jessicafarrell@example.net,2025-07-06,2025-07-07
997,Dominic,Anderson,daniel99@example.com,2025-02-26,2025-03-05
998,Rachel,Frazier,andrea53@example.com,2025-10-07,2026-10-07
999,Jasmine,Bradshaw,xsosa@example.com,2025-06-29,2025-06-30
1000,Denise,Taylor,michaelevans@example.com,2025-11-12,2025-12-12
1001,Jack,Young,schmidtmark@example.net,2025-10-15,2025-12-14
1002,Brad,Marquez,ybrown@example.net,2025-01-20,2026-01-20
1003,Gary,Zimmerman,ggonzalez@example.org,2025-08-01,2025-08-02
1004,Latasha,Hill,brightjoseph@example.net,2025-05-24,2025-05-25
1005,Sean,Thomas,kaylaholmes@example.com,2025-04-11,2025-08-09
1006,Jonathan,Rush,patriciawalker@example.net,2025-07-20,2025-07-21
1007,Emily,Baker,xmedina@example.net,2025-07-24,2025-07-31
1008,Nicole,Lynch,hector28@example.net,2025-05-25,2025-11-21
1009,David,Baldwin,groberts@example.com,2025-10-20,2025-10-27
1010,Joshua,Hall,jmitchell@example.com,2025-05-01,2025-05-02
1011,Bobby,Davis,qsilva@example.org,2025-01-21,2025-01-22
1012,Maria,Jordan,emartin@example.net,2025-10-19,2025-10-20
1013,Christopher,Velazquez,andersonerin@example.org,2025-11-22,2025-11-23
1014,Melissa,Galvan,christophercoleman@example.com,2025-04-29,2025-04-30
1015,Martin,George,joelscott@example.org,2025-02-02,2025-02-03
1016,Juan,Mosley,bennettjohn@example.org,2025-02-20,2025-02-21
1017,Juan,Edwards,griffinryan@example.com,2025-05-28,2025-10-25
1018,Allen,Rice,jamesevans@example.net,2025-02-17,2025-04-18
1019,Anthony,Wilson,tammy45@example.com,2025-11-20,2025-11-21
1020,Amanda,Garcia,rwilliams@example.net,2025-09-01,2025-09-08
1021,Teresa,Pugh,ilong@example.net,2025-05-22,2025-08-20
1022,Robert,Scott,epowell@example.com,2025-10-02,2025-12-01
1023,Sarah,Gutierrez,edwardsrebecca@example.com,2025-03-28,2025-07-26
1024,Sandra,Cooper,lisaespinoza@example.org,2025-11-10,2025-11-11
1025,Miguel,Jones,clynch@example.net,2025-05-24,2025-05-31
1026,Kim,Stone,matthewbyrd@example.net,2025-09-12,2025-12-11
1027,Nicole,Smith,lewisbenjamin@example.net,2025-04-07,2026-04-07
1028,David,Moore,laurievasquez@example.org,2025-09-24,2026-01-22
1029,Debbie,Wong,michael58@example.net,2025-03-06,2025-03-07
1030,Ashlee,Molina,randybrandt@example.com,2025-05-12,2025-05-13
1031,Kristina,Snyder,wendy46@example.net,2025-11-29,2026-11-29
1032,Emily,Moore,elee@example.com,2025-04-10,2025-04-11
1033,Deanna,Becker,kjohnson@example.org,2025-10-12,2025-10-19
1034,Andrea,Perez,rebeccabarnes@example.org,2025-09-26,2026-09-26
1035,Manuel,Travis,qwalker@example.com,2025-02-12,2026-02-12
1036,Samuel,Bennett,spatterson@example.com,2025-09-12,2025-09-13
1037,Elizabeth,Phillips,zacharytaylor@example.net,2025-01-10,2025-01-11
1038,Terri,Evans,laneandrew@example.net,2025-06-18,2025-06-19
1039,Danielle,Williams,swarren@example.org,2025-05-04,2025-09-01
1040,Aaron,Moore,dspence@example.net,2025-08-10,2025-10-09
1041,Aaron,Collins,csanchez@example.org,2025-08-31,2025-09-01
1042,Ryan,Smith,jpena@example.net,2025-05-30,2025-05-31
1043,Christopher,Sanders,jacob59@example.com,2025-02-02,2025-03-04
1044,William,Carter,brittneymiller@example.net,2025-01-11,2026-01-11
1045,Troy,Moore,bakerkyle@example.com,2025-03-23,2025-03-24
1046,Savannah,Rollins,rbecker@example.net,2025-09-01,2025-09-02
1047,Angela,Horn,markcastro@example.net,2025-04-21,2026-04-21
1048,Maria,Stephens,david21@example.net,2025-06-21,2025-06-28
1049,Kristy,Williams,laurie77@example.com,2025-07-16,2025-10-14
1050,Rebecca,Smith,cindy06@example.com,2025-03-23,2025-03-24
1051,Derrick,Baker,mcdanielkristi@example.org,2025-09-15,2025-09-29
1052,Jamie,Jordan,gweiss@example.com,2025-09-25,2025-12-24
1053,Rachel,Perez,vcarson@example.net,2025-04-04,2025-04-05
1054,Zachary,Fleming,cardenaslaura@example.org,2025-10-28,2025-10-29
1055,Gene,Martinez,sandersandrea@example.com,2025-11-14,2025-12-14
1056,Ashley,Howard,michaellee@example.org,2025-01-17,2025-01-18
1057,Matthew,Kline,kara89@example.net,2025-09-07,2025-09-08
1058,Randy,Jensen,mcgeenicholas@example.net,2025-08-14,2025-10-13
1059,Christina,Burgess,kellermegan@example.org,2025-11-08,2026-01-07
1060,Joseph,Lewis,amandanichols@example.net,2025-04-01,2025-04-08
1061,David,Hill,lyonsmichael@example.com,2025-06-21,2025-06-22
1062,Catherine,Hooper,robertsontravis@example.org,2025-10-22,2025-10-23
1063,Deborah,Anderson,grayjulie@example.org,2025-01-06,2026-01-06
1064,Tyrone,Wallace,huertaanthony@example.org,2025-04-04,2025-04-18
1065,Aaron,Fox,daniellecrawford@example.org,2025-05-30,2025-06-06
1066,Nicole,Hernandez,brownkathryn@example.org,2025-04-19,2025-09-16
1067,Michelle,Lucas,vgomez@example.com,2025-06-04,2025-06-05
1068,Stephanie,Barr,jasmine75@example.org,2025-02-07,2026-02-07
1069,Debbie,Wright,velasquezisaac@example.org,2025-11-25,2026-11-25
1070,Dana,Weaver,qgarcia@example.net,2025-07-11,2025-11-08
1071,Ashley,Hoffman,christinefigueroa@example.net,2025-03-12,2025-03-13
1072,Paige,Johnson,shughes@example.com,2025-01-31,2026-01-31
1073,Lori,Cruz,jreid@example.com,2025-09-03,2026-01-01
1074,Raymond,Kelley,qgibbs@example.net,2025-02-15,2025-02-16
1075,Briana,Cole,vbaker@example.org,2025-09-06,2025-10-06
1076,Timothy,Guzman,mmurphy@example.net,2025-09-07,2025-10-07
1077,Haley,Daniels,michelle62@example.net,2025-01-22,2025-01-23
1078,Angelica,Parker,smithanthony@example.com,2025-03-04,2025-03-05
1079,Gina,Gillespie,kelseysalazar@example.net,2025-07-24,2025-10-22
1080,Austin,Schmidt,lhenry@example.net,2025-08-30,2025-08-31
1081,Joseph,Monroe,jrodriguez@example.org,2025-08-13,2026-08-13
1082,Adam,Sullivan,smithtara@example.org,2025-02-25,2025-02-26
1083,Rebecca,Neal,rebecca96@example.net,2025-09-16,2025-09-17
1084,Megan,Smith,jphillips@example.org,2025-11-20,2025-11-21
1085,Brandon,Massey,gordonvalerie@example.net,2025-10-18,2025-10-19
1086,Colleen,Brown,angela88@example.com,2025-05-20,2025-05-21
1087,Stephen,Thomas,qstephens@example.com,2025-09-19,2025-09-20
1088,April,White,bcurtis@example.com,2025-11-26,2025-11-27
1089,Johnny,Bender,ruthaustin@example.com,2025-05-14,2025-05-15
1090,Katherine,Torres,mmay@example.com,2025-09-30,2025-10-01
1091,Matthew,Bruce,christophersanders@example.org,2025-05-21,2025-07-20
1092,Timothy,Edwards,hartjacob@example.com,2025-03-11,2025-03-18
1093,Brianna,Graham,ingrampatricia@example.net,2025-06-25,2025-06-26
1094,Michael,Howell,amyjefferson@example.com,2025-06-26,2025-10-24
1095,Stephen,Barron,adamsvalerie@example.org,2025-11-05,2025-11-06
1096,Mark,Martin,pgraham@example.org,2025-10-05,2025-10-06
1097,Kyle,Frank,marywise@example.com,2025-03-22,2026-03-22
1098,Catherine,Montoya,btorres@example.net,2025-04-02,2025-04-03
1099,Robert,Cox,jperez@example.net,2025-08-30,2025-08-31
1100,Rachel,Thompson,shawn50@example.net,2025-10-07,2026-10-07
1101,Susan,Myers,bgardner@example.com,2025-02-08,2025-02-09
1102,Sarah,Conner,mharris@example.org,2025-08-22,2026-08-22
1103,Derek,Andrade,andrewking@example.net,2025-04-21,2025-06-20
1104,Kevin,Guerra,fparsons@example.com,2025-11-29,2026-01-28
1105,William,Jennings,howardtyler@example.org,2025-11-24,2025-11-25
1106,Douglas,Tate,stephaniewallace@example.org,2025-07-09,2025-07-10
1107,Brittany,Miller,jonathanwebb@example.org,2025-11-30,2025-12-01
1108,Ashley,Castro,rachel83@example.net,2025-11-05,2025-12-05
1109,Colleen,Shelton,joshuawilliams@example.com,2025-05-04,2025-05-05
1110,Angie,Moreno,tylersmith@example.com,2025-03-07,2025-03-08
1111,Adrian,Walsh,uabbott@example.com,2025-06-05,2025-08-04
1112,Allison,Scott,proberts@example.org,2025-01-06,2025-01-07
1113,Julie,Brock,michael11@example.org,2025-08-30,2025-08-31
1114,Sharon,Hart,oallen@example.org,2025-03-26,2025-04-02
1115,Scott,Martinez,caitlin08@example.net,2025-04-02,2025-04-03
1116,Cassandra,Calderon,deborahewing@example.com,2025-10-14,2025-11-13
1117,Tracy,Vaughn,gonzalezroger@example.org,2025-11-27,2025-12-27
1118,Jerry,Baker,erin05@example.com,2025-01-14,2025-04-14
1119,Brenda,Hawkins,howard31@example.org,2025-06-02,2026-06-02
1120,Andrew,Shepard,laura81@example.net,2025-09-06,2025-09-07
1121,Michael,Hancock,twilliams@example.net,2025-06-23,2025-06-24
1122,Jeffrey,Flores,annadawson@example.org,2025-01-14,2025-04-14
1123,Jenna,White,fwallace@example.net,2025-10-10,2026-10-10
1124,Mercedes,Chan,richardsgregory@example.org,2025-07-19,2026-07-19
1125,Kevin,Lopez,patrickwilliams@example.com,2025-10-06,2025-10-07
1126,Michael,Collins,sextonpeter@example.org,2025-09-10,2025-09-11
1127,Luis,Simpson,moorejoseph@example.org,2025-07-27,2025-08-03
1128,Jason,Roy,nlogan@example.net,2025-08-04,2025-11-02
1129,Michael,Johnson,smithjohn@example.com,2025-01-04,2025-06-03
1130,George,Moore,wandascott@example.com,2025-06-22,2025-06-23
1131,Joshua,Rose,batesjack@example.com,2025-05-23,2025-05-24
1132,Alan,Ortiz,ulee@example.com,2025-04-22,2025-06-21
1133,Leonard,Kline,tracyfernandez@example.com,2025-11-11,2025-11-12
1134,Destiny,Long,mirandacody@example.org,2025-07-29,2025-09-27
1135,Diane,Perez,kayla30@example.com,2025-11-23,2025-11-24
1136,Jesus,Evans,ralphowens@example.com,2025-04-19,2026-04-19
1137,Jennifer,Fletcher,clarkapril@example.org,2025-07-13,2025-07-20
1138,Paul,Beltran,pcochran@example.net,2025-02-20,2025-06-20
1139,Stephanie,Lamb,kelsey79@example.com,2025-07-04,2025-08-03
1140,Ronnie,Yang,lfletcher@example.org,2025-03-24,2026-03-24
1141,Mary,Pearson,martinezjanet@example.com,2025-09-16,2025-09-17
1142,Daniel,Taylor,qtyler@example.net,2025-07-23,2025-08-22
1143,Makayla,Herrera,nrojas@example.com,2025-01-09,2025-01-10
1144,Troy,Morris,patricia10@example.org,2025-08-01,2025-08-08
1145,Shane,Barr,jguzman@example.net,2025-04-29,2025-04-30
1146,Margaret,Sanchez,alfred21@example.org,2025-03-20,2025-07-18
1147,Erik,Wallace,johncooper@example.org,2025-05-28,2025-07-27
1148,Larry,Miller,noah31@example.org,2025-02-16,2025-06-16
1149,Johnny,Tucker,sarahgarcia@example.org,2025-02-28,2025-03-01
1150,Lisa,Murphy,millerjerome@example.com,2025-05-20,2025-05-27
1151,Daniel,Dominguez,jonesmegan@example.net,2025-10-25,2025-10-26
1152,Carolyn,Jennings,amy72@example.org,2025-02-17,2025-02-18
1153,Jesse,Butler,lisastein@example.net,2025-09-06,2025-09-20
1154,Michelle,Wright,claytongary@example.org,2025-09-22,2025-09-23
1155,Tara,Rose,ugarrison@example.org,2025-05-24,2025-06-23
1156,Wanda,Miller,pcollins@example.net,2025-08-27,2025-08-28
1157,Timothy,Smith,chasemakayla@example.org,2025-08-29,2025-12-27
1158,Joshua,Booker,davidsonlisa@example.org,2025-01-19,2025-04-19
1159,Zachary,Pitts,garyalvarez@example.net,2025-04-29,2025-04-30
1160,Austin,Lee,carrollrobert@example.org,2025-01-28,2026-01-28
1161,James,Ray,christopherjensen@example.com,2025-01-03,2025-04-03
1162,Tyler,Winters,santanazachary@example.com,2025-10-01,2025-11-30
1163,Carrie,Short,carsonpaul@example.net,2025-01-28,2025-03-29
1164,Stephen,Jordan,yjohnson@example.com,2025-02-03,2025-02-04
1165,Nicole,Dixon,stacysellers@example.com,2025-10-08,2026-01-06
1166,Brian,King,sharonmcgrath@example.org,2025-11-24,2026-01-23
1167,William,Reed,adam16@example.net,2025-11-05,2025-11-06
1168,Bradley,Stuart,krista17@example.org,2025-09-16,2025-09-17
1169,Gloria,Patterson,jeffersonbrandi@example.net,2025-03-24,2026-03-24
1170,Ashley,Johnson,npearson@example.net,2025-09-21,2025-10-21
1171,Jacqueline,Delgado,marksandoval@example.net,2025-10-05,2026-01-03
1172,Justin,Smith,pageashley@example.org,2025-02-01,2026-02-01
1173,Dave,Bradley,catherinedavis@example.org,2025-01-21,2025-01-28
1174,Kayla,Walton,jonesjohn@example.com,2025-02-22,2026-02-22
1175,Daniel,Olson,yjordan@example.org,2025-08-30,2025-08-31
1176,Tiffany,Lynn,qrogers@example.net,2025-08-07,2025-12-05
1177,Carl,Herring,brendamays@example.com,2025-06-21,2025-07-21
1178,Amanda,Dorsey,dsharp@example.net,2025-02-10,2026-02-10
1179,Sean,Marsh,esmith@example.net,2025-09-27,2025-11-26
1180,Sharon,Brown,sean77@example.net,2025-06-20,2025-07-20
1181,David,Herman,mcguirelauren@example.com,2025-02-07,2025-03-09
1182,Ryan,Logan,tuckerphillip@example.org,2025-03-21,2025-05-20
1183,Daniel,Sanders,paulcruz@example.com,2025-11-26,2026-11-26
1184,Christina,Garcia,yhughes@example.com,2025-07-31,2025-08-01
1185,Patricia,Mccoy,ronald73@example.net,2025-03-20,2025-03-21
1186,Nicholas,Mason,mcdonaldtyrone@example.net,2025-06-12,2025-11-09
1187,Stephen,Mason,carl36@example.net,2025-08-21,2025-08-22
1188,Chelsea,Clements,scott95@example.com,2025-06-05,2025-08-04
1189,Elizabeth,Castillo,michelle30@example.com,2025-05-26,2025-05-27
1190,Mark,Lawson,erikjones@example.com,2025-07-18,2025-10-16
1191,Brian,Rodriguez,tanyafoster@example.net,2025-06-02,2025-08-31
1192,James,Espinoza,rodney90@example.net,2025-02-03,2025-03-05
1193,Paul,Butler,lopeznichole@example.org,2025-04-25,2025-05-02
1194,Kaitlyn,Brown,michellecrawford@example.org,2025-05-13,2025-05-14
1195,Shelly,Mercado,debra70@example.com,2025-01-14,2025-02-13
1196,Melissa,Johnson,bkelly@example.com,2025-07-06,2025-07-07
1197,Richard,Rodriguez,justin71@example.net,2025-10-22,2026-10-22
1198,Teresa,French,sarahbailey@example.org,2025-09-11,2025-09-12
1199,Kristina,Vaughn,roblesangela@example.net,2025-07-20,2025-07-21
1200,Michael,Scott,nicholskathryn@example.com,2025-04-07,2025-05-07
1201,Michaela,Dixon,davidlambert@example.org,2025-09-04,2026-09-04
1202,Heather,Savage,donaldhunt@example.org,2025-03-08,2025-03-09
1203,Edward,Smith,drewharrison@example.net,2025-05-19,2025-07-18
1204,David,Warren,jessicathornton@example.net,2025-03-21,2025-07-19
1205,Amber,Moran,victoriajohnson@example.net,2025-03-17,2025-04-16
1206,Catherine,Trujillo,cortezlynn@example.org,2025-03-09,2025-03-10
1207,Joshua,Martin,bcollins@example.org,2025-02-01,2025-03-03
1208,Holly,Collier,jandrews@example.com,2025-04-08,2025-04-15
1209,Matthew,Downs,jerrycarlson@example.org,2025-06-22,2025-06-29
1210,William,Osborn,daniellemorris@example.com,2025-01-15,2025-01-16
1211,Mark,Hendrix,michael52@example.com,2025-07-28,2025-08-27
1212,Bruce,Peters,darrell31@example.com,2025-01-17,2025-01-24
1213,Cynthia,Wilcox,gary54@example.net,2025-03-16,2025-06-14
1214,Michael,Smith,fgarcia@example.org,2025-09-18,2025-09-25
1215,Jasmine,Gonzalez,smithchristine@example.org,2025-05-03,2025-05-10
1216,Ashley,Miller,ksmith@example.com,2025-06-20,2025-06-21
1217,Marissa,Avila,ryaneric@example.org,2025-10-31,2025-11-07
1218,Dustin,Perez,gregorywheeler@example.org,2025-05-02,2025-07-01
1219,Stacey,Rodriguez,rachel68@example.org,2025-04-23,2026-04-23
1220,Marvin,Wilson,ejames@example.org,2025-10-11,2026-01-09
1221,Ernest,George,lee38@example.org,2025-03-19,2025-05-18
1222,Kristopher,Fitzpatrick,woodsjustin@example.net,2025-08-28,2026-08-28
1223,Angela,Wood,matthewlewis@example.net,2025-02-07,2025-02-08
1224,Ashley,Rivera,wmiddleton@example.com,2025-07-08,2025-07-09
1225,Alexandra,Stone,sandovalstephen@example.com,2025-09-09,2025-09-10
1226,Kelly,Johns,rperez@example.net,2025-10-06,2025-10-07
1227,Heather,Mendoza,barberchristopher@example.com,2025-07-01,2026-07-01
1228,Maria,Aguilar,hudsonkelly@example.org,2025-05-26,2025-05-27
1229,Beverly,Bright,jamesmunoz@example.net,2025-09-06,2025-09-07
1230,Alex,Summers,torresmargaret@example.com,2025-11-07,2025-11-08
1231,Jason,Jones,amandaalvarez@example.com,2025-01-07,2025-04-07
1232,Patricia,Morgan,maynardthomas@example.net,2025-03-08,2025-05-07
1233,Sean,Mcbride,ericgrimes@example.org,2025-09-06,2025-09-13
1234,Samantha,Crawford,jeffrey91@example.org,2025-11-13,2025-11-14
1235,Tony,Pierce,michelle01@example.com,2025-09-27,2026-09-27
1236,Anita,Harris,sandraadams@example.net,2025-02-19,2026-02-19
1237,Scott,Jenkins,cathy24@example.com,2025-01-31,2025-04-01
1238,Natalie,Costa,robert23@example.com,2025-06-21,2025-09-19
1239,Colleen,Oconnor,drakerenee@example.com,2025-05-09,2025-10-06
1240,Douglas,Shields,longlindsay@example.net,2025-04-29,2025-05-06
1241,Eric,Vasquez,claudiagomez@example.net,2025-04-19,2025-04-20
1242,James,Mendoza,alexandergonzalez@example.org,2025-02-13,2025-02-20
1243,Jose,Rodriguez,sjohnson@example.org,2025-02-15,2025-02-16
1244,Ashley,Rivera,jacobmoreno@example.org,2025-08-06,2025-08-07
1245,Ryan,Roman,jasonneal@example.net,2025-07-13,2025-07-14
1246,Joann,Kirk,ashley34@example.com,2025-02-18,2026-02-18
1247,Ricky,Perry,brownjustin@example.net,2025-11-12,2025-11-13
1248,Monique,Cobb,jameskoch@example.org,2025-09-14,2025-09-21
1249,Victoria,Irwin,taylorrobert@example.net,2025-04-24,2025-04-25
1250,Daniel,Peck,stephanie06@example.net,2025-05-27,2025-05-28
1251,Ronnie,Sharp,murphyjennifer@example.com,2025-08-27,2025-08-28
1252,Mark,Meyer,thorntonlawrence@example.com,2025-01-30,2025-01-31
1253,Sarah,Price,gregorykathy@example.com,2025-11-26,2025-12-26
1254,Joseph,Watts,michellemoore@example.org,2025-01-06,2025-01-20
1255,Travis,Waters,hoodstephanie@example.org,2025-03-21,2025-04-20
1256,Jennifer,Soto,frank97@example.com,2025-05-24,2025-10-21
1257,Matthew,Rivera,sonyalong@example.net,2025-04-30,2025-05-01
1258,Maria,Hood,michael55@example.org,2025-06-27,2025-08-26
1259,Sara,Parker,bsmith@example.com,2025-02-10,2025-04-11
1260,Robert,Williams,smithkatherine@example.org,2025-09-07,2026-01-05
1261,Christopher,Sheppard,delacruzjohn@example.net,2025-05-26,2025-08-24
1262,Jermaine,Ramirez,lanecarolyn@example.org,2025-07-01,2025-07-02
1263,William,Dixon,murraydaniel@example.org,2025-01-24,2025-01-31
1264,Christopher,Berry,hgibbs@example.org,2025-08-24,2025-08-31
1265,David,Ashley,reynoldsjoseph@example.com,2025-03-04,2026-03-04
1266,John,Roman,scottlori@example.com,2025-08-09,2025-10-08
1267,Kelly,Davidson,christopherdavenport@example.com,2025-10-25,2025-10-26
1268,David,Holmes,vmckinney@example.net,2025-08-21,2025-09-20
1269,Michael,Rose,douglashendrix@example.com,2025-09-21,2026-09-21
1270,Stephen,Larson,ashley83@example.org,2025-06-05,2025-08-04
1271,Laura,Maldonado,lauren17@example.net,2025-01-08,2025-02-07
1272,Kathleen,Osborn,karendavis@example.net,2025-03-09,2025-03-16
1273,Richard,Thomas,zsummers@example.com,2025-11-10,2025-11-11
1274,Kristi,Noble,david55@example.org,2025-06-01,2025-10-29
1275,Jessica,Parker,hilllisa@example.org,2025-07-05,2025-10-03
1276,Tracy,Romero,debra60@example.net,2025-07-05,2025-07-06
1277,Linda,Baird,ijones@example.org,2025-04-29,2025-04-30
1278,Michael,Jackson,xanderson@example.net,2025-03-24,2025-03-25
1279,Chad,Dyer,matthewreid@example.net,2025-08-25,2026-08-25
1280,Christina,Howard,boltonmelissa@example.com,2025-10-03,2025-10-04
1281,Elizabeth,Monroe,mathew31@example.com,2025-10-12,2025-10-13
1282,Keith,Parker,vchandler@example.org,2025-02-06,2025-02-07
1283,Bradley,Gonzalez,williamstamara@example.org,2025-06-14,2026-06-14
1284,Kevin,Duffy,richardwiley@example.org,2025-05-23,2025-06-22
1285,Jessica,Rogers,pereztammy@example.org,2025-08-03,2025-10-02
1286,Shannon,Smith,andersonsteven@example.com,2025-06-02,2025-06-03
1287,Carlos,Jones,ysmith@example.com,2025-08-15,2025-08-16
1288,Bryan,Brown,vraymond@example.net,2025-01-12,2025-01-13
1289,Nicholas,Knight,frederickcampos@example.com,2025-07-16,2025-10-14
1290,Brian,Lloyd,perezdaniel@example.org,2025-03-30,2026-03-30
1291,James,Davis,stephanie81@example.net,2025-08-06,2025-08-07
1292,Amanda,Graves,olee@example.org,2025-11-27,2026-11-27
1293,Rebecca,Burns,gordonmelissa@example.net,2025-04-22,2025-04-23
1294,Melissa,Murphy,andersonmark@example.com,2025-06-25,2025-07-02
1295,Todd,Holland,davisalbert@example.org,2025-11-17,2025-11-18
1296,Angelica,Fisher,hicksteresa@example.com,2025-01-04,2025-01-05
1297,Joshua,Lewis,pameladaniels@example.net,2025-04-16,2025-04-17
1298,Michael,Carrillo,pmorgan@example.net,2025-03-13,2025-03-14
1299,Elizabeth,Bond,elin@example.org,2025-02-09,2025-02-10
1300,Darren,Curry,stephaniegarcia@example.com,2025-07-22,2025-07-23
1301,Kayla,Smith,yorkbenjamin@example.net,2025-08-28,2026-08-28
1302,Andrew,Smith,rebeccaross@example.net,2025-09-21,2025-11-20
1303,Jennifer,Leblanc,athompson@example.org,2025-06-14,2025-06-15
1304,Sara,Wheeler,jenniferfox@example.com,2025-07-26,2025-08-02
1305,Richard,Braun,catherinetaylor@example.net,2025-03-10,2025-03-17
1306,Sheila,Waters,wendy57@example.com,2025-01-01,2025-01-02
1307,Ann,Myers,kjacobs@example.org,2025-04-03,2025-04-04
1308,Russell,Hickman,tkelly@example.org,2025-02-21,2026-02-21
1309,Austin,Bentley,andrewtaylor@example.com,2025-07-10,2025-07-11
1310,Kevin,Estes,zarnold@example.org,2025-08-03,2025-10-02
1311,Jared,Mcdonald,khudson@example.net,2025-03-28,2025-03-29
1312,Lisa,Wilson,dennisdennis@example.net,2025-10-09,2026-10-09
1313,Shannon,Leonard,erinjohnson@example.org,2025-07-25,2025-08-01
1314,Nicholas,Khan,mbrown@example.net,2025-01-15,2025-01-16
1315,Robert,Elliott,cbates@example.net,2025-05-13,2025-05-20
1316,Julie,Lowe,debbiewest@example.org,2025-05-06,2025-05-07
1317,Laura,Marshall,kevinstevenson@example.com,2025-05-09,2026-05-09
1318,Nathaniel,Thomas,mckenziekatie@example.net,2025-01-12,2025-01-13
1319,Andrew,Williams,thomas13@example.org,2025-05-21,2026-05-21
1320,Robert,Serrano,brittanyhardy@example.com,2025-06-24,2025-07-24
1321,John,Nichols,juan76@example.org,2025-03-06,2025-03-13
1322,Michael,Brooks,thomasbryan@example.net,2025-05-16,2026-05-16
1323,Christopher,Lyons,kenneth09@example.net,2025-11-19,2025-11-26
1324,Morgan,Hughes,jeffery41@example.org,2025-10-09,2025-10-16
1325,Corey,Vaughan,williamdixon@example.org,2025-04-25,2025-05-09
1326,Julia,Callahan,mary30@example.com,2025-06-21,2025-07-21
1327,Andrea,Miller,lbullock@example.org,2025-04-04,2025-04-05
1328,William,Williams,samanthacoleman@example.org,2025-08-27,2025-10-26
1329,Karl,Atkinson,bdeleon@example.com,2025-08-26,2026-08-26
1330,Dawn,Morales,johnsonjordan@example.com,2025-11-04,2025-11-05
1331,Christopher,Mckinney,ohill@example.net,2025-02-10,2026-02-10
1332,Sean,Fowler,jacobbenjamin@example.org,2025-03-13,2025-03-14
1333,Jeffery,Hardy,arussell@example.com,2025-07-14,2025-07-15
1334,Jose,Morrison,fkrueger@example.org,2025-06-21,2025-06-22
1335,Sharon,Bell,fgomez@example.org,2025-08-01,2025-08-02
1336,Clayton,Brown,gaineskelli@example.com,2025-11-07,2026-01-06
1337,Walter,Moody,roger10@example.net,2025-10-25,2026-01-23
1338,John,Patterson,victor06@example.net,2025-11-04,2025-12-04
1339,Christopher,Cunningham,simpsonbrady@example.com,2025-02-21,2025-08-20
1340,Emily,Allen,warddaniel@example.com,2025-11-21,2025-11-22
1341,Lisa,Espinoza,kathleenrobertson@example.net,2025-06-24,2025-08-23
1342,Steven,Brown,hmclaughlin@example.com,2025-11-29,2025-11-30
1343,Lisa,Williams,wagneranna@example.net,2025-07-23,2025-07-24
1344,Sarah,Jackson,scarney@example.org,2025-10-08,2025-10-09
1345,Daniel,Mcclure,tasha45@example.com,2025-07-27,2026-07-27
1346,Sarah,Washington,kenneth82@example.org,2025-03-23,2025-04-22
1347,Rachel,Fernandez,michael05@example.org,2025-08-04,2025-08-05
1348,Jennifer,Johns,williamwaller@example.net,2025-04-25,2025-05-25
1349,Breanna,Foster,sandovaldouglas@example.org,2025-02-28,2025-03-07
1350,Ronald,Campbell,davidstone@example.org,2025-10-30,2025-10-31
1351,Christopher,Long,christopherlong@example.org,2025-06-14,2025-06-15
1352,Dominic,Harvey,yjarvis@example.net,2025-07-06,2025-07-07
1353,Christopher,Morris,georgewilson@example.org,2025-10-29,2025-10-30
1354,Erin,Best,carrieanderson@example.org,2025-06-28,2025-08-27
1355,Frances,Johnson,tannerlaura@example.com,2025-05-15,2025-05-16
1356,Carmen,Baxter,damonjones@example.com,2025-02-15,2025-02-16
1357,Brian,Morris,christophermurray@example.org,2025-03-12,2025-03-13
1358,Pamela,Douglas,shawnnelson@example.com,2025-09-11,2025-11-10
1359,Jason,Harris,marymurray@example.net,2025-08-26,2025-11-24
1360,Angela,Miller,boothkimberly@example.net,2025-02-10,2025-06-10
1361,Nicole,Williams,jacqueline54@example.org,2025-09-09,2025-12-08
1362,Martin,Graves,smithkristina@example.com,2025-06-23,2025-06-24
1363,Aaron,Clark,christopher40@example.com,2025-09-27,2025-11-26
1364,Jordan,Pope,angelagarner@example.com,2025-11-17,2025-11-18
1365,Joshua,Holloway,everettjason@example.net,2025-10-25,2025-10-26
1366,Ruben,Ball,doyledavid@example.net,2025-03-20,2025-03-21
1367,Rebecca,Cooper,patrickgeorge@example.net,2025-09-16,2025-10-16
1368,Amy,Stewart,michele83@example.com,2025-10-26,2025-10-27
1369,Jennifer,Saunders,thomastracey@example.net,2025-03-25,2025-03-26
1370,Sarah,Schneider,hickmandalton@example.org,2025-07-07,2025-08-06
1371,Danny,Webster,qspears@example.com,2025-03-08,2025-04-07
1372,Andrew,Guerra,julie66@example.org,2025-01-04,2025-01-05
1373,Mary,Graves,morananthony@example.org,2025-10-04,2025-11-03
1374,Timothy,Fowler,smithdanielle@example.net,2025-11-13,2025-12-13
1375,Cory,Baker,gonzalezkevin@example.net,2025-03-31,2026-03-31
1376,Richard,Daniels,mitchellheather@example.net,2025-02-28,2025-03-30
1377,Erica,Gordon,barryhunt@example.com,2025-01-29,2025-04-29
1378,Traci,Moran,brenda92@example.net,2025-03-30,2025-03-31
1379,Joseph,Hogan,matthew25@example.org,2025-07-01,2025-07-08
1380,Crystal,Johnson,aliciarivera@example.org,2025-06-09,2025-06-10
1381,Jennifer,Castaneda,omiller@example.org,2025-07-12,2026-07-12
1382,Christine,Guerrero,robertcontreras@example.org,2025-11-21,2025-11-22
1383,Deborah,Santana,thomasrichard@example.com,2025-06-03,2025-06-04
1384,Madeline,Hutchinson,carrjonathan@example.net,2025-07-23,2025-07-24
1385,Sherry,Esparza,kennedybonnie@example.com,2025-06-13,2025-06-27
1386,Richard,White,grantcarolyn@example.com,2025-07-05,2026-07-05
1387,Timothy,Greene,crystal70@example.org,2025-09-07,2026-01-05
1388,Peter,Lewis,rdonovan@example.org,2025-10-07,2025-11-06
1389,Jessica,Li,lindaramos@example.net,2025-04-25,2025-04-26
1390,Paul,Ball,harveyronald@example.org,2025-11-25,2025-12-02
1391,Jason,Turner,stacy78@example.org,2025-11-23,2026-01-22
1392,Eric,Vazquez,garciajohn@example.com,2025-07-03,2025-07-04
1393,Kevin,Morgan,dcarroll@example.com,2025-05-02,2025-06-01
1394,Steve,Obrien,matthewperkins@example.net,2025-09-05,2025-09-06
1395,Brenda,Heath,camachosheri@example.org,2025-07-02,2025-08-01
1396,Stacie,Webb,stevensnatalie@example.com,2025-11-21,2026-01-20
1397,Damon,Francis,hicksaustin@example.net,2025-06-28,2025-06-29
1398,John,Williams,kimberly55@example.com,2025-07-04,2025-10-02
1399,Ryan,Knapp,daymariah@example.org,2025-06-25,2025-07-02
1400,Gregory,Ellis,zsampson@example.com,2025-04-10,2025-05-10
1401,Barbara,Harrison,charles64@example.net,2025-03-13,2025-03-14
1402,Brandon,Wright,craig58@example.net,2025-11-08,2026-01-07
1403,Carolyn,Jimenez,icarter@example.net,2025-04-18,2025-04-19
1404,Joan,Faulkner,heather57@example.com,2025-03-30,2025-03-31
1405,Steven,Wilson,huberdonald@example.net,2025-06-15,2026-06-15
1406,Kimberly,Lee,paulsamantha@example.org,2025-01-07,2025-01-14
1407,Lisa,Miller,bradleyjordan@example.net,2025-06-03,2025-06-04
1408,Larry,Oneal,leeethan@example.net,2025-01-07,2025-01-08
1409,Christine,Robinson,melvin49@example.com,2025-11-04,2025-12-04
1410,Holly,Shields,tfernandez@example.org,2025-03-30,2025-06-28
1411,Charles,Jennings,gfletcher@example.net,2025-09-21,2025-09-22
1412,Monica,Nielsen,ufrederick@example.net,2025-07-20,2025-07-21
1413,Anthony,Garcia,eric15@example.net,2025-11-03,2025-11-04
1414,Tammy,Anderson,dgreen@example.org,2025-09-05,2025-12-04
1415,Richard,Merritt,coltonjackson@example.org,2025-08-14,2025-11-12
1416,Julie,Mullen,usanford@example.com,2025-02-27,2025-03-06
1417,John,King,megansavage@example.com,2025-09-13,2025-10-13
1418,Mark,Foster,adam36@example.com,2025-06-14,2025-08-13
1419,Timothy,Cardenas,garrisonkristina@example.com,2025-05-28,2025-06-27
1420,Thomas,Dorsey,william64@example.org,2025-11-06,2025-11-07
1421,Ricky,Smith,derrickhayes@example.org,2025-03-31,2025-04-01
1422,Katelyn,Alvarez,jasminethomas@example.com,2025-10-09,2025-10-10
1423,Michael,Adams,hansenshelia@example.com,2025-09-23,2025-09-24
1424,Katie,Romero,kylepotter@example.net,2025-02-17,2026-02-17
1425,Douglas,Brown,rpeterson@example.org,2025-09-11,2025-09-12
1426,Peter,Santos,matthewlawrence@example.org,2025-08-24,2025-08-25
1427,William,Guerrero,kevin75@example.com,2025-06-24,2025-10-22
1428,Ronald,Johnston,rmorgan@example.net,2025-10-19,2025-10-20
1429,Elizabeth,Greene,james58@example.com,2025-10-22,2026-10-22
1430,Nicholas,Tyler,npitts@example.com,2025-11-19,2025-11-20
1431,Kenneth,Brooks,barryaaron@example.org,2025-03-08,2025-03-15
1432,Jeffrey,Hall,jack36@example.com,2025-04-27,2025-06-26
1433,Matthew,Scott,samanthaklein@example.org,2025-11-08,2025-12-08
1434,Tanya,Murphy,hoffmantanner@example.com,2025-09-12,2026-09-12
1435,Christopher,Hubbard,berryjohn@example.org,2025-03-18,2026-03-18
1436,Elizabeth,Figueroa,caleb10@example.net,2025-02-10,2025-02-11
1437,Jason,Watts,courtneywilson@example.net,2025-07-27,2025-07-28
1438,Cindy,Harmon,joshuaperez@example.net,2025-01-12,2025-01-13
1439,Stephen,Nelson,normandonna@example.net,2025-09-01,2025-09-02
1440,Randy,Perez,christinamcdonald@example.com,2025-04-24,2025-07-23
1441,Jeremy,Torres,mcleanthomas@example.org,2025-02-11,2025-02-12
1442,Terry,Vega,kimwanda@example.com,2025-07-10,2025-07-11
1443,Kimberly,Logan,lward@example.org,2025-04-01,2025-04-02
1444,Lisa,Black,salazarmariah@example.net,2025-03-27,2025-05-26
1445,Ashley,Morris,amber65@example.com,2025-11-02,2025-11-03
1446,Adam,Ross,josegonzales@example.net,2025-11-14,2025-11-15
1447,Jonathan,Parker,daniel91@example.net,2025-06-29,2025-06-30
1448,Amanda,Tyler,wagnerrachel@example.net,2025-10-07,2025-10-08
1449,Jared,Romero,taylorsimmons@example.com,2025-01-11,2025-01-18
1450,Susan,Wright,jessica39@example.com,2025-09-30,2025-10-01
1451,Benjamin,Clark,sarah02@example.net,2025-07-08,2025-07-09
1452,Tim,Mckee,chall@example.net,2025-02-27,2025-02-28
1453,Katie,Cruz,christinacampbell@example.net,2025-11-30,2025-12-01
1454,James,Anderson,emorales@example.com,2025-07-09,2025-07-10
1455,Ray,Tate,alexander88@example.net,2025-09-19,2025-11-18
1456,Jeffrey,Young,vmason@example.org,2025-03-04,2025-03-05
1457,Samuel,Taylor,ymatthews@example.net,2025-08-06,2025-08-13
1458,Harry,Weber,angela30@example.org,2025-09-21,2025-09-22
1459,Emily,Carter,osmith@example.org,2025-09-01,2025-09-02
1460,Geoffrey,Parker,whiteheaddana@example.com,2025-05-30,2025-05-31
1461,Jacob,Li,preilly@example.org,2025-08-27,2025-09-26
1462,Brian,Baker,christopherwolf@example.com,2025-07-24,2025-07-25
1463,Lisa,Price,jenniferallison@example.org,2025-05-07,2025-05-08
1464,Michael,Johnson,timothy56@example.net,2025-02-18,2025-05-19
1465,Elizabeth,Huang,bellerika@example.org,2025-02-11,2025-04-12
1466,Tiffany,York,sherylyu@example.com,2025-02-12,2025-02-26
1467,Frederick,Smith,david22@example.net,2025-05-22,2025-05-29
1468,William,Leblanc,gabriellaaguilar@example.org,2025-08-08,2026-01-05
1469,Robert,Herman,kennethrandall@example.net,2025-11-17,2026-01-16
1470,Diamond,Best,margaretday@example.com,2025-01-19,2025-01-26
1471,Ryan,Wallace,morgan22@example.com,2025-02-10,2026-02-10
1472,Ralph,Allen,montgomeryanthony@example.net,2025-10-19,2025-10-26
1473,Matthew,Andrews,mooretyler@example.org,2025-08-07,2025-11-05
1474,Maria,Armstrong,melissaball@example.org,2025-05-08,2025-05-09
1475,Bethany,Horne,tannerwood@example.org,2025-03-25,2025-04-24
1476,James,Wilson,rgrant@example.com,2025-09-11,2025-12-10
1477,John,Wilson,halexander@example.org,2025-04-18,2025-04-19
1478,Daniel,Spence,whitakersherry@example.com,2025-03-22,2025-06-20
1479,Michael,Price,christianklein@example.net,2025-01-06,2025-01-07
1480,Katrina,Jones,brittanywright@example.org,2025-01-29,2025-02-28
1481,Jeffrey,Hill,kristinhickman@example.net,2025-05-18,2025-05-19
1482,Gary,Woodard,nathanwalker@example.net,2025-09-05,2025-09-12
1483,Wendy,Rangel,nharris@example.net,2025-06-26,2025-07-03
1484,Robin,Miller,tsmith@example.net,2025-04-08,2025-05-08
1485,Michelle,Fitzpatrick,otrevino@example.net,2025-03-15,2025-05-14
1486,Anthony,Adams,villarrealrobert@example.org,2025-04-09,2026-04-09
1487,Jose,Smith,eric98@example.net,2025-07-07,2025-07-08
1488,Joshua,Horton,gomezalexander@example.com,2025-08-11,2025-08-12
1489,Stacey,Jackson,beardcharles@example.org,2025-11-16,2025-11-17
1490,Stephanie,Esparza,llang@example.org,2025-09-29,2025-09-30
1491,Jeffrey,Nelson,gbaker@example.org,2025-10-20,2026-01-18
1492,Michael,Smith,westtaylor@example.org,2025-06-03,2025-06-10
1493,Terri,Todd,gwalker@example.com,2025-03-21,2025-06-19
1494,Andrew,Joseph,richardpeters@example.com,2025-08-16,2026-01-13
1495,Leslie,Bennett,cynthiamora@example.org,2025-06-24,2025-07-01
1496,Andrew,Morrow,andrea46@example.net,2025-01-02,2025-01-03
1497,Timothy,Luna,staceyyoung@example.net,2025-09-30,2026-09-30
1498,Brandon,Bowers,lisamadden@example.net,2025-05-11,2025-05-12
1499,Jose,Kennedy,sthompson@example.net,2025-06-16,2025-06-23
1500,Amy,Lopez,kaylajackson@example.net,2025-11-09,2025-11-10
